Date,Actual,ARIMA_Forecast
2021-03-30,0.0439619868792435,0.042270817726008984
2021-03-30,0.0439619868792435,0.04227081772516769
2021-03-31,0.0462078369280592,0.042270809291597364
2021-03-31,0.0462078369280592,0.04227080929138288
2021-04-01,0.045778268651652,0.04227080929170099
2021-04-01,0.045778268651652,0.04227080929170098
2021-04-05,0.0478148996930412,0.042270809291563065
2021-04-05,0.0478148996930412,0.04227080929156306
2021-04-06,0.0478545174422157,0.04227080929156307
2021-04-06,0.0478545174422157,0.04227080929156307
2021-04-07,0.0464191464391567,0.04227080929156307
2021-04-07,0.0464191464391567,0.04227080929156307
2021-04-08,0.0473109546688263,0.04227080929156307
2021-04-08,0.0473109546688263,0.04227080929156307
2021-04-09,0.0468396813214666,0.04227080929156307
2021-04-09,0.0468396813214666,0.04227080929156307
2021-04-12,0.0485746370918552,0.04227080929156307
2021-04-12,0.0485746370918552,0.04227080929156307
2021-04-13,0.052768842925828,0.04227080929156307
2021-04-13,0.052768842925828,0.04227080929156307
2021-04-14,0.0506772987758328,0.04227080929156307
2021-04-14,0.0506772987758328,0.04227080929156307
2021-04-15,0.0511374545892101,0.04227080929156307
2021-04-15,0.0511374545892101,0.04227080929156307
2021-04-16,0.0512020979264704,0.04227080929156307
2021-04-16,0.0512020979264704,0.04227080929156307
2021-04-19,0.0494539341184284,0.04227080929156307
2021-04-19,0.0494539341184284,0.04227080929156307
2021-04-20,0.0497569935128641,0.04227080929156307
2021-04-20,0.0497569935128641,0.04227080929156307
2021-04-21,0.0515037668336851,0.04227080929156307
2021-04-21,0.0515037668336851,0.04227080929156307
2021-04-22,0.0498056510199219,0.04227080929156307
2021-04-22,0.0498056510199219,0.04227080929156307
2021-04-23,0.0504805877896098,0.04227080929156307
2021-04-23,0.0504805877896098,0.04227080929156307
2021-04-26,0.0510922717092585,0.04227080929156307
2021-04-26,0.0510922717092585,0.04227080929156307
2021-04-27,0.048766482963751,0.04227080929156307
2021-04-27,0.048766482963751,0.04227080929156307
2021-04-28,0.0480477538013325,0.04227080929156307
2021-04-28,0.0480477538013325,0.04227080929156307
2021-04-29,0.0468382908342456,0.04227080929156307
2021-04-29,0.0468382908342456,0.04227080929156307
2021-04-30,0.0490931774590516,0.04227080929156307
2021-04-30,0.0490931774590516,0.04227080929156307
2021-05-03,0.0473874155565191,0.04227080929156307
2021-05-03,0.0473874155565191,0.04227080929156307
2021-05-04,0.0466019589169552,0.04227080929156307
2021-05-04,0.0466019589169552,0.04227080929156307
2021-05-05,0.0464170622992716,0.04227080929156307
2021-05-05,0.0464170622992716,0.04227080929156307
2021-05-06,0.0459026902118454,0.04227080929156307
2021-05-06,0.0459026902118454,0.04227080929156307
2021-05-07,0.0465164614532721,0.04227080929156307
2021-05-07,0.0465164614532721,0.04227080929156307
2021-05-10,0.0435046120403083,0.04227080929156307
2021-05-10,0.0435046120403083,0.04227080929156307
2021-05-11,0.0426816217914551,0.04227080929156307
2021-05-11,0.0426816217914551,0.04227080929156307
2021-05-12,0.0407833171824697,0.04227080929156307
2021-05-12,0.0407833171824697,0.04227080929156307
2021-05-13,0.0395182442722198,0.04227080929156307
2021-05-13,0.0395182442722198,0.04227080929156307
2021-05-14,0.0407728901192584,0.04227080929156307
2021-05-14,0.0407728901192584,0.04227080929156307
2021-05-17,0.0398755231225975,0.04227080929156307
2021-05-17,0.0398755231225975,0.04227080929156307
2021-05-18,0.0399478125486271,0.04227080929156307
2021-05-18,0.0399478125486271,0.04227080929156307
2021-05-19,0.0389461812836385,0.04227080929156307
2021-05-19,0.0389461812836385,0.04227080929156307
2021-05-20,0.0405671425570451,0.04227080929156307
2021-05-20,0.0405671425570451,0.04227080929156307
2021-05-21,0.0401570347379465,0.04227080929156307
2021-05-21,0.0401570347379465,0.04227080929156307
2021-05-24,0.0419336987611806,0.04227080929156307
2021-05-24,0.0419336987611806,0.04227080929156307
2021-05-25,0.0418120581754292,0.04227080929156307
2021-05-25,0.0418120581754292,0.04227080929156307
2021-05-26,0.0428157735803029,0.04227080929156307
2021-05-26,0.0428157735803029,0.04227080929156307
2021-05-27,0.0436304272696157,0.04227080929156307
2021-05-27,0.0436304272696157,0.04227080929156307
2021-05-28,0.0432390862551619,0.04227080929156307
2021-05-28,0.0432390862551619,0.04227080929156307
2021-06-01,0.0431473331899306,0.04227080929156307
2021-06-01,0.0431473331899306,0.04227080929156307
2021-06-02,0.0418419456959493,0.04227080929156307
2021-06-02,0.0418419456959493,0.04227080929156307
2021-06-03,0.0395981797870187,0.04227080929156307
2021-06-03,0.0395981797870187,0.04227080929156307
2021-06-04,0.0414200235083113,0.04227080929156307
2021-06-04,0.0414200235083113,0.04227080929156307
2021-06-07,0.0418426425305063,0.04227080929156307
2021-06-07,0.0418426425305063,0.04227080929156307
2021-06-08,0.0417355972877365,0.04227080929156307
2021-06-08,0.0417355972877365,0.04227080929156307
2021-06-09,0.0414012567036667,0.04227080929156307
2021-06-09,0.0414012567036667,0.04227080929156307
2021-06-10,0.0421894943176726,0.04227080929156307
2021-06-10,0.0421894943176726,0.04227080929156307
2021-06-11,0.0421735053055771,0.04227080929156307
2021-06-11,0.0421735053055771,0.04227080929156307
2021-06-14,0.0427156807736383,0.04227080929156307
2021-06-14,0.0427156807736383,0.04227080929156307
2021-06-15,0.0414415712873981,0.04227080929156307
2021-06-15,0.0414415712873981,0.04227080929156307
2021-06-16,0.0418245693785257,0.04227080929156307
2021-06-16,0.0418245693785257,0.04227080929156307
2021-06-17,0.0426399167205026,0.04227080929156307
2021-06-17,0.0426399167205026,0.04227080929156307
2021-06-18,0.0431063249535352,0.04227080929156307
2021-06-18,0.0431063249535352,0.04227080929156307
2021-06-21,0.0429339395389481,0.04227080929156307
2021-06-21,0.0429339395389481,0.04227080929156307
2021-06-22,0.0431341283341701,0.04227080929156307
2021-06-22,0.0431341283341701,0.04227080929156307
2021-06-23,0.0454182120087252,0.04227080929156307
2021-06-23,0.0454182120087252,0.04227080929156307
2021-06-24,0.0470343081678045,0.04227080929156307
2021-06-24,0.0470343081678045,0.04227080929156307
2021-06-25,0.0464817056365319,0.04227080929156307
2021-06-25,0.0464817056365319,0.04227080929156307
2021-06-28,0.0476529413416655,0.04227080929156307
2021-06-28,0.0476529413416655,0.04227080929156307
2021-06-29,0.0470996451577289,0.04227080929156307
2021-06-29,0.0470996451577289,0.04227080929156307
2021-06-30,0.0470259652444782,0.04227080929156307
2021-06-30,0.0470259652444782,0.04227080929156307
2021-07-01,0.0469022373369489,0.04227080929156307
2021-07-01,0.0469022373369489,0.04227080929156307
2021-07-02,0.0469703584832083,0.04227080929156307
2021-07-02,0.0469703584832083,0.04227080929156307
2021-07-06,0.0456274341980446,0.04227080929156307
2021-07-06,0.0456274341980446,0.04227080929156307
2021-07-07,0.0445896566290948,0.04227080929156307
2021-07-07,0.0445896566290948,0.04227080929156307
2021-07-08,0.0451568545033489,0.04227080929156307
2021-07-08,0.0451568545033489,0.04227080929156307
2021-07-09,0.0454446249021391,0.04227080929156307
2021-07-09,0.0454446249021391,0.04227080929156307
2021-07-12,0.047443022317789,0.04227080929156307
2021-07-12,0.047443022317789,0.04227080929156307
2021-07-13,0.0462502388335687,0.04227080929156307
2021-07-13,0.0462502388335687,0.04227080929156307
2021-07-14,0.0451964754344163,0.04227080929156307
2021-07-14,0.0451964754344163,0.04227080929156307
2021-07-15,0.0450032390752995,0.04227080929156307
2021-07-15,0.0450032390752995,0.04227080929156307
2021-07-16,0.0445597691085747,0.04227080929156307
2021-07-16,0.0445597691085747,0.04227080929156307
2021-07-19,0.0446987860117497,0.04227080929156307
2021-07-19,0.0446987860117497,0.04227080929156307
2021-07-20,0.0456913838826409,0.04227080929156307
2021-07-20,0.0456913838826409,0.04227080929156307
2021-07-21,0.0453292367360431,0.04227080929156307
2021-07-21,0.0453292367360431,0.04227080929156307
2021-07-22,0.0449100955228472,0.04227080929156307
2021-07-22,0.0449100955228472,0.04227080929156307
2021-07-23,0.0445013813728626,0.04227080929156307
2021-07-23,0.0445013813728626,0.04227080929156307
2021-07-26,0.0454911950874188,0.04227080929156307
2021-07-26,0.0454911950874188,0.04227080929156307
2021-07-27,0.0445986932050851,0.04227080929156307
2021-07-27,0.0445986932050851,0.04227080929156307
2021-07-28,0.0447516149804705,0.04227080929156307
2021-07-28,0.0447516149804705,0.04227080929156307
2021-07-29,0.0468626195877744,0.04227080929156307
2021-07-29,0.0468626195877744,0.04227080929156307
2021-07-30,0.0475472865861167,0.04227080929156307
2021-07-30,0.0475472865861167,0.04227080929156307
2021-08-02,0.0491091664711471,0.04227080929156307
2021-08-02,0.0491091664711471,0.04227080929156307
2021-08-03,0.0491140315854743,0.04227080929156307
2021-08-03,0.0491140315854743,0.04227080929156307
2021-08-04,0.0491960512401582,0.04227080929156307
2021-08-04,0.0491960512401582,0.04227080929156307
2021-08-05,0.0494539341184284,0.04227080929156307
2021-08-05,0.0494539341184284,0.04227080929156307
2021-08-06,0.0483744514785261,0.04227080929156307
2021-08-06,0.0483744514785261,0.04227080929156307
2021-08-09,0.0493934590609382,0.04227080929156307
2021-08-09,0.0493934590609382,0.04227080929156307
2021-08-10,0.0491314079028979,0.04227080929156307
2021-08-10,0.0491314079028979,0.04227080929156307
2021-08-11,0.0489805734492906,0.04227080929156307
2021-08-11,0.0489805734492906,0.04227080929156307
2021-08-12,0.0499835952015002,0.04227080929156307
2021-08-12,0.0499835952015002,0.04227080929156307
2021-08-13,0.0496304878127856,0.04227080929156307
2021-08-13,0.0496304878127856,0.04227080929156307
2021-08-16,0.0474756908127512,0.04227080929156307
2021-08-16,0.0474756908127512,0.04227080929156307
2021-08-17,0.0460535278473457,0.04227080929156307
2021-08-17,0.0460535278473457,0.04227080929156307
2021-08-18,0.0476717081463102,0.04227080929156307
2021-08-18,0.0476717081463102,0.04227080929156307
2021-08-19,0.0465929223409649,0.04227080929156307
2021-08-19,0.0465929223409649,0.04227080929156307
2021-08-20,0.0470648893409886,0.04227080929156307
2021-08-20,0.0470648893409886,0.04227080929156307
2021-08-23,0.0488749186937418,0.04227080929156307
2021-08-23,0.0488749186937418,0.04227080929156307
2021-08-24,0.0490271436345702,0.04227080929156307
2021-08-24,0.0490271436345702,0.04227080929156307
2021-08-25,0.0492155148793599,0.04227080929156307
2021-08-25,0.0492155148793599,0.04227080929156307
2021-08-26,0.0485176398433642,0.04227080929156307
2021-08-26,0.0485176398433642,0.04227080929156307
2021-08-27,0.0492655628736387,0.04227080929156307
2021-08-27,0.0492655628736387,0.04227080929156307
2021-08-30,0.0505855488924945,0.04227080929156307
2021-08-30,0.0505855488924945,0.04227080929156307
2021-08-31,0.0509198894765644,0.04227080929156307
2021-08-31,0.0509198894765644,0.04227080929156307
2021-09-01,0.0508065886322464,0.04227080929156307
2021-09-01,0.0508065886322464,0.04227080929156307
2021-09-02,0.0506884226736012,0.04227080929156307
2021-09-02,0.0506884226736012,0.04227080929156307
2021-09-03,0.0507704423282851,0.04227080929156307
2021-09-03,0.0507704423282851,0.04227080929156307
2021-09-07,0.0521154507533338,0.04227080929156307
2021-09-07,0.0521154507533338,0.04227080929156307
2021-09-08,0.0521814845778152,0.04227080929156307
2021-09-08,0.0521814845778152,0.04227080929156307
2021-09-09,0.0522502993767386,0.04227080929156307
2021-09-09,0.0522502993767386,0.04227080929156307
2021-09-10,0.0509581199204107,0.04227080929156307
2021-09-10,0.0509581199204107,0.04227080929156307
2021-09-13,0.0514259186406643,0.04227080929156307
2021-09-13,0.0514259186406643,0.04227080929156307
2021-09-14,0.051529486074435,0.04227080929156307
2021-09-14,0.051529486074435,0.04227080929156307
2021-09-15,0.052317723688441,0.04227080929156307
2021-09-15,0.052317723688441,0.04227080929156307
2021-09-16,0.0523983560377968,0.04227080929156307
2021-09-16,0.0523983560377968,0.04227080929156307
2021-09-17,0.052572128757712,0.04227080929156307
2021-09-17,0.052572128757712,0.04227080929156307
2021-09-20,0.0505341104109947,0.04227080929156307
2021-09-20,0.0505341104109947,0.04227080929156307
2021-09-21,0.0511742945458354,0.04227080929156307
2021-09-21,0.0511742945458354,0.04227080929156307
2021-09-22,0.0520473327889674,0.04227080929156307
2021-09-22,0.0520473327889674,0.04227080929156307
2021-09-23,0.0521654987476126,0.04227080929156307
2021-09-23,0.0521654987476126,0.04227080929156307
2021-09-24,0.0536078221867767,0.04227080929156307
2021-09-24,0.0536078221867767,0.04227080929156307
2021-09-27,0.0547874008152366,0.04227080929156307
2021-09-27,0.0547874008152366,0.04227080929156307
2021-09-28,0.0538281682738645,0.04227080929156307
2021-09-28,0.0538281682738645,0.04227080929156307
2021-09-29,0.0540888289446838,0.04227080929156307
2021-09-29,0.0540888289446838,0.04227080929156307
2021-09-30,0.0536835894218054,0.04227080929156307
2021-09-30,0.0536835894218054,0.04227080929156307
2021-10-01,0.0536655162698248,0.04227080929156307
2021-10-01,0.0536655162698248,0.04227080929156307
2021-10-04,0.0541041211222223,0.04227080929156307
2021-10-04,0.0541041211222223,0.04227080929156307
2021-10-05,0.0540387777685121,0.04227080929156307
2021-10-05,0.0540387777685121,0.04227080929156307
2021-10-06,0.0541889185694554,0.04227080929156307
2021-10-06,0.0541889185694554,0.04227080929156307
2021-10-07,0.0549437972177281,0.04227080929156307
2021-10-07,0.0549437972177281,0.04227080929156307
2021-10-08,0.0543793739541302,0.04227080929156307
2021-10-08,0.0543793739541302,0.04227080929156307
2021-10-11,0.054827715398968,0.04227080929156307
2021-10-11,0.054827715398968,0.04227080929156307
2021-10-12,0.055785554271226,0.04227080929156307
2021-10-12,0.055785554271226,0.04227080929156307
2021-10-13,0.0561581221172493,0.04227080929156307
2021-10-13,0.0561581221172493,0.04227080929156307
2021-10-14,0.0566613766706931,0.04227080929156307
2021-10-14,0.0566613766706931,0.04227080929156307
2021-10-15,0.058378956123658,0.04227080929156307
2021-10-15,0.058378956123658,0.04227080929156307
2021-10-18,0.0602612749024408,0.04227080929156307
2021-10-18,0.0602612749024408,0.04227080929156307
2021-10-19,0.0598553353631124,0.04227080929156307
2021-10-19,0.0598553353631124,0.04227080929156307
2021-10-20,0.0599616869532182,0.04227080929156307
2021-10-20,0.0599616869532182,0.04227080929156307
2021-10-21,0.0619218539250217,0.04227080929156307
2021-10-21,0.0619218539250217,0.04227080929156307
2021-10-22,0.0630117604462424,0.04227080929156307
2021-10-22,0.0630117604462424,0.04227080929156307
2021-10-25,0.0710178676757245,0.04227080929156307
2021-10-25,0.0710178676757245,0.04227080929156307
2021-10-26,0.0705709199000006,0.04227080929156307
2021-10-26,0.0705709199000006,0.04227080929156307
2021-10-27,0.0719214934558265,0.04227080929156307
2021-10-27,0.0719214934558265,0.04227080929156307
2021-10-28,0.0746448756354431,0.04227080929156307
2021-10-28,0.0746448756354431,0.04227080929156307
2021-10-29,0.0772139487343463,0.04227080929156307
2021-10-29,0.0772139487343463,0.04227080929156307
2021-11-01,0.0837888532405395,0.04227080929156307
2021-11-01,0.0837888532405395,0.04227080929156307
2021-11-02,0.0812454962004933,0.04227080929156307
2021-11-02,0.0812454962004933,0.04227080929156307
2021-11-03,0.0841551654850146,0.04227080929156307
2021-11-03,0.0841551654850146,0.04227080929156307
2021-11-04,0.0852707944288781,0.04227080929156307
2021-11-04,0.0852707944288781,0.04227080929156307
2021-11-05,0.0847272316554888,0.04227080929156307
2021-11-05,0.0847272316554888,0.04227080929156307
2021-11-08,0.080615742310757,0.04227080929156307
2021-11-08,0.080615742310757,0.04227080929156307
2021-11-09,0.0709233336360511,0.04227080929156307
2021-11-09,0.0709233336360511,0.04227080929156307
2021-11-10,0.0740130344239287,0.04227080929156307
2021-11-10,0.0740130344239287,0.04227080929156307
2021-11-11,0.0737044098987158,0.04227080929156307
2021-11-11,0.0737044098987158,0.04227080929156307
2021-11-12,0.0716128689306136,0.04227080929156307
2021-11-12,0.0716128689306136,0.04227080929156307
2021-11-15,0.0702205934857282,0.04227080929156307
2021-11-15,0.0702205934857282,0.04227080929156307
2021-11-16,0.0730941164662881,0.04227080929156307
2021-11-16,0.0730941164662881,0.04227080929156307
2021-11-17,0.0754769024602867,0.04227080929156307
2021-11-17,0.0754769024602867,0.04227080929156307
2021-11-18,0.0759891872259349,0.04227080929156307
2021-11-18,0.0759891872259349,0.04227080929156307
2021-11-19,0.0788168336738792,0.04227080929156307
2021-11-19,0.0788168336738792,0.04227080929156307
2021-11-22,0.080193816941226,0.04227080929156307
2021-11-22,0.080193816941226,0.04227080929156307
2021-11-23,0.076868484252508,0.04227080929156307
2021-11-23,0.076868484252508,0.04227080929156307
2021-11-24,0.0773529656375212,0.04227080929156307
2021-11-24,0.0773529656375212,0.04227080929156307
2021-11-26,0.0749840845157331,0.04227080929156307
2021-11-26,0.0749840845157331,0.04227080929156307
2021-11-29,0.078811971741445,0.04227080929156307
2021-11-29,0.078811971741445,0.04227080929156307
2021-11-30,0.0793520598877281,0.04227080929156307
2021-11-30,0.0793520598877281,0.04227080929156307
2021-12-01,0.0758932658809334,0.04227080929156307
2021-12-01,0.0758932658809334,0.04227080929156307
2021-12-02,0.0751703652568518,0.04227080929156307
2021-12-02,0.0751703652568518,0.04227080929156307
2021-12-03,0.0703304197029401,0.04227080929156307
2021-12-03,0.0703304197029401,0.04227080929156307
2021-12-06,0.0699161436040713,0.04227080929156307
2021-12-06,0.0699161436040713,0.04227080929156307
2021-12-07,0.0728869815987467,0.04227080929156307
2021-12-07,0.0728869815987467,0.04227080929156307
2021-12-08,0.0740832397100732,0.04227080929156307
2021-12-08,0.0740832397100732,0.04227080929156307
2021-12-09,0.0695539996393665,0.04227080929156307
2021-12-09,0.0695539996393665,0.04227080929156307
2021-12-10,0.0704736112496711,0.04227080929156307
2021-12-10,0.0704736112496711,0.04227080929156307
2021-12-13,0.0669550358380503,0.04227080929156307
2021-12-13,0.0669550358380503,0.04227080929156307
2021-12-14,0.0664059111157768,0.04227080929156307
2021-12-14,0.0664059111157768,0.04227080929156307
2021-12-15,0.067620936031748,0.04227080929156307
2021-12-15,0.067620936031748,0.04227080929156307
2021-12-16,0.0642101058793469,0.04227080929156307
2021-12-16,0.0642101058793469,0.04227080929156307
2021-12-17,0.0646028341991289,0.04227080929156307
2021-12-17,0.0646028341991289,0.04227080929156307
2021-12-20,0.0623347427185623,0.04227080929156307
2021-12-20,0.0623347427185623,0.04227080929156307
2021-12-21,0.0650171102979976,0.04227080929156307
2021-12-21,0.0650171102979976,0.04227080929156307
2021-12-22,0.069906413375417,0.04227080929156307
2021-12-22,0.069906413375417,0.04227080929156307
2021-12-23,0.0739469974175544,0.04227080929156307
2021-12-23,0.0739469974175544,0.04227080929156307
2021-12-27,0.0758195859676828,0.04227080929156307
2021-12-27,0.0758195859676828,0.04227080929156307
2021-12-28,0.0754393688509973,0.04227080929156307
2021-12-28,0.0754393688509973,0.04227080929156307
2021-12-29,0.0752808851267277,0.04227080929156307
2021-12-29,0.0752808851267277,0.04227080929156307
2021-12-30,0.0741791610550746,0.04227080929156307
2021-12-30,0.0741791610550746,0.04227080929156307
2021-12-31,0.0732366143603551,0.04227080929156307
2021-12-31,0.0732366143603551,0.04227080929156307
2022-01-03,0.0831764724863338,0.04227080929156307
2022-01-03,0.0831764724863338,0.04227080929156307
2022-01-04,0.0796877877771261,0.04227080929156307
2022-01-04,0.0796877877771261,0.04227080929156307
2022-01-05,0.0754150400974685,0.04227080929156307
2022-01-05,0.0754150400974685,0.04227080929156307
2022-01-06,0.0737871263879567,0.04227080929156307
2022-01-06,0.0737871263879567,0.04227080929156307
2022-01-07,0.0711638401968976,0.04227080929156307
2022-01-07,0.0711638401968976,0.04227080929156307
2022-01-10,0.0733297547309145,0.04227080929156307
2022-01-10,0.0733297547309145,0.04227080929156307
2022-01-11,0.073766272261534,0.04227080929156307
2022-01-11,0.073766272261534,0.04227080929156307
2022-01-12,0.0766731605716131,0.04227080929156307
2022-01-12,0.0766731605716131,0.04227080929156307
2022-01-13,0.071483582256093,0.04227080929156307
2022-01-13,0.071483582256093,0.04227080929156307
2022-01-14,0.0727382281031315,0.04227080929156307
2022-01-14,0.0727382281031315,0.04227080929156307
2022-01-18,0.0714105959955064,0.04227080929156307
2022-01-18,0.0714105959955064,0.04227080929156307
2022-01-19,0.0689874954177764,0.04227080929156307
2022-01-19,0.0689874954177764,0.04227080929156307
2022-01-20,0.0690305909759499,0.04227080929156307
2022-01-20,0.0690305909759499,0.04227080929156307
2022-01-21,0.0653903781604708,0.04227080929156307
2022-01-21,0.0653903781604708,0.04227080929156307
2022-01-24,0.0644241963648865,0.04227080929156307
2022-01-24,0.0644241963648865,0.04227080929156307
2022-01-25,0.0636178855988999,0.04227080929156307
2022-01-25,0.0636178855988999,0.04227080929156307
2022-01-26,0.0649392621049768,0.04227080929156307
2022-01-26,0.0649392621049768,0.04227080929156307
2022-01-27,0.0574106870062957,0.04227080929156307
2022-01-27,0.0574106870062957,0.04227080929156307
2022-01-28,0.0586097260920642,0.04227080929156307
2022-01-28,0.0586097260920642,0.04227080929156307
2022-01-31,0.0648912982505831,0.04227080929156307
2022-01-31,0.0648912982505831,0.04227080929156307
2022-02-01,0.0645110811338976,0.04227080929156307
2022-02-01,0.0645110811338976,0.04227080929156307
2022-02-02,0.0627323329707785,0.04227080929156307
2022-02-02,0.0627323329707785,0.04227080929156307
2022-02-03,0.0617230556170207,0.04227080929156307
2022-02-03,0.0617230556170207,0.04227080929156307
2022-02-04,0.063959875453632,0.04227080929156307
2022-02-04,0.063959875453632,0.04227080929156307
2022-02-07,0.0628491084422027,0.04227080929156307
2022-02-07,0.0628491084422027,0.04227080929156307
2022-02-08,0.0638681223884008,0.04227080929156307
2022-02-08,0.0638681223884008,0.04227080929156307
2022-02-09,0.0645632132680615,0.04227080929156307
2022-02-09,0.0645632132680615,0.04227080929156307
2022-02-10,0.0626551784304218,0.04227080929156307
2022-02-10,0.0626551784304218,0.04227080929156307
2022-02-11,0.0595585283883319,0.04227080929156307
2022-02-11,0.0595585283883319,0.04227080929156307
2022-02-14,0.0606540032222227,0.04227080929156307
2022-02-14,0.0606540032222227,0.04227080929156307
2022-02-15,0.0638980067270279,0.04227080929156307
2022-02-15,0.0638980067270279,0.04227080929156307
2022-02-16,0.0639647373860662,0.04227080929156307
2022-02-16,0.0639647373860662,0.04227080929156307
2022-02-17,0.0606950114586182,0.04227080929156307
2022-02-17,0.0606950114586182,0.04227080929156307
2022-02-18,0.0593486125463484,0.04227080929156307
2022-02-18,0.0593486125463484,0.04227080929156307
2022-02-22,0.056884497368437,0.04227080929156307
2022-02-22,0.056884497368437,0.04227080929156307
2022-02-23,0.0528883961898013,0.04227080929156307
2022-02-23,0.0528883961898013,0.04227080929156307
2022-02-24,0.0554414834585018,0.04227080929156307
2022-02-24,0.0554414834585018,0.04227080929156307
2022-02-25,0.0560740183226803,0.04227080929156307
2022-02-25,0.0560740183226803,0.04227080929156307
2022-02-28,0.0602835163341916,0.04227080929156307
2022-02-28,0.0602835163341916,0.04227080929156307
2022-03-01,0.0598622846173247,0.04227080929156307
2022-03-01,0.0598622846173247,0.04227080929156307
2022-03-02,0.0609410736045629,0.04227080929156307
2022-03-02,0.0609410736045629,0.04227080929156307
2022-03-03,0.0581189891055028,0.04227080929156307
2022-03-03,0.0581189891055028,0.04227080929156307
2022-03-04,0.0580494774720224,0.04227080929156307
2022-03-04,0.0580494774720224,0.04227080929156307
2022-03-07,0.0557063124090912,0.04227080929156307
2022-03-07,0.0557063124090912,0.04227080929156307
2022-03-08,0.0570839893291021,0.04227080929156307
2022-03-08,0.0570839893291021,0.04227080929156307
2022-03-09,0.0594869357968593,0.04227080929156307
2022-03-09,0.0594869357968593,0.04227080929156307
2022-03-10,0.0580501711246864,0.04227080929156307
2022-03-10,0.0580501711246864,0.04227080929156307
2022-03-11,0.0550647409689224,0.04227080929156307
2022-03-11,0.0550647409689224,0.04227080929156307
2022-03-14,0.053050354541177,0.04227080929156307
2022-03-14,0.053050354541177,0.04227080929156307
2022-03-15,0.0555193316515226,0.04227080929156307
2022-03-15,0.0555193316515226,0.04227080929156307
2022-03-16,0.0581843260954271,0.04227080929156307
2022-03-16,0.0581843260954271,0.04227080929156307
2022-03-17,0.0603648391543185,0.04227080929156307
2022-03-17,0.0603648391543185,0.04227080929156307
2022-03-18,0.0627135661661338,0.04227080929156307
2022-03-18,0.0627135661661338,0.04227080929156307
2022-03-21,0.0638097346526887,0.04227080929156307
2022-03-21,0.0638097346526887,0.04227080929156307
2022-03-22,0.0688714135990163,0.04227080929156307
2022-03-22,0.0688714135990163,0.04227080929156307
2022-03-23,0.0692280019786229,0.04227080929156307
2022-03-23,0.0692280019786229,0.04227080929156307
2022-03-24,0.0702574334423535,0.04227080929156307
2022-03-24,0.0702574334423535,0.04227080929156307
2022-03-25,0.0700294444483894,0.04227080929156307
2022-03-25,0.0700294444483894,0.04227080929156307
2022-03-28,0.0756736134465097,0.04227080929156307
2022-03-28,0.0756736134465097,0.04227080929156307
2022-03-29,0.0762109269821367,0.04227080929156307
2022-03-29,0.0762109269821367,0.04227080929156307
2022-03-30,0.075823060594789,0.04227080929156307
2022-03-30,0.075823060594789,0.04227080929156307
2022-03-31,0.0746838029138465,0.04227080929156307
2022-03-31,0.0746838029138465,0.04227080929156307
2022-04-01,0.0751696716041878,0.04227080929156307
2022-04-01,0.0751696716041878,0.04227080929156307
2022-04-04,0.0794000237421218,0.04227080929156307
2022-04-04,0.0794000237421218,0.04227080929156307
2022-04-05,0.0756332988627782,0.04227080929156307
2022-04-05,0.0756332988627782,0.04227080929156307
2022-04-06,0.0724706181781,0.04227080929156307
2022-04-06,0.0724706181781,0.04227080929156307
2022-04-07,0.0732699796898743,0.04227080929156307
2022-04-07,0.0732699796898743,0.04227080929156307
2022-04-08,0.071061656886562,0.04227080929156307
2022-04-08,0.071061656886562,0.04227080929156307
2022-04-11,0.0676167677519778,0.04227080929156307
2022-04-11,0.0676167677519778,0.04227080929156307
2022-04-12,0.0683827639342329,0.04227080929156307
2022-04-12,0.0683827639342329,0.04227080929156307
2022-04-13,0.0708447917903663,0.04227080929156307
2022-04-13,0.0708447917903663,0.04227080929156307
2022-04-14,0.0682472216581641,0.04227080929156307
2022-04-14,0.0682472216581641,0.04227080929156307
2022-04-18,0.0695880586215497,0.04227080929156307
2022-04-18,0.0695880586215497,0.04227080929156307
2022-04-19,0.0712465566861385,0.04227080929156307
2022-04-19,0.0712465566861385,0.04227080929156307
2022-04-20,0.0677050461901029,0.04227080929156307
2022-04-20,0.0677050461901029,0.04227080929156307
2022-04-21,0.0699001577738688,0.04227080929156307
2022-04-21,0.0699001577738688,0.04227080929156307
2022-04-22,0.0696408844083776,0.04227080929156307
2022-04-22,0.0696408844083776,0.04227080929156307
2022-04-25,0.0691522347435942,0.04227080929156307
2022-04-25,0.0691522347435942,0.04227080929156307
2022-04-26,0.0606998797548383,0.04227080929156307
2022-04-26,0.0606998797548383,0.04227080929156307
2022-04-27,0.0610536807962169,0.04227080929156307
2022-04-27,0.0610536807962169,0.04227080929156307
2022-04-28,0.0607756406260811,0.04227080929156307
2022-04-28,0.0607756406260811,0.04227080929156307
2022-04-29,0.0603064514186064,0.04227080929156307
2022-04-29,0.0603064514186064,0.04227080929156307
2022-05-02,0.0625432712552177,0.04227080929156307
2022-05-02,0.0625432712552177,0.04227080929156307
2022-05-03,0.0629818761076153,0.04227080929156307
2022-05-03,0.0629818761076153,0.04227080929156307
2022-05-04,0.0659965033131283,0.04227080929156307
2022-05-04,0.0659965033131283,0.04227080929156307
2022-05-05,0.0604816146257427,0.04227080929156307
2022-05-05,0.0604816146257427,0.04227080929156307
2022-05-06,0.0599512567081139,0.04227080929156307
2022-05-06,0.0599512567081139,0.04227080929156307
2022-05-09,0.0544919811457841,0.04227080929156307
2022-05-09,0.0544919811457841,0.04227080929156307
2022-05-10,0.055390738629666,0.04227080929156307
2022-05-10,0.055390738629666,0.04227080929156307
2022-05-11,0.0508003330306981,0.04227080929156307
2022-05-11,0.0508003330306981,0.04227080929156307
2022-05-12,0.0503832759573873,0.04227080929156307
2022-05-12,0.0503832759573873,0.04227080929156307
2022-05-13,0.0532741752553709,0.04227080929156307
2022-05-13,0.0532741752553709,0.04227080929156307
2022-05-16,0.0501309550280014,0.04227080929156307
2022-05-16,0.0501309550280014,0.04227080929156307
2022-05-17,0.0527194885842133,0.04227080929156307
2022-05-17,0.0527194885842133,0.04227080929156307
2022-05-18,0.0491188966998015,0.04227080929156307
2022-05-18,0.0491188966998015,0.04227080929156307
2022-05-19,0.0490917869718305,0.04227080929156307
2022-05-19,0.0490917869718305,0.04227080929156307
2022-05-20,0.0459277157999313,0.04227080929156307
2022-05-20,0.0459277157999313,0.04227080929156307
2022-05-23,0.0466923183130724,0.04227080929156307
2022-05-23,0.0466923183130724,0.04227080929156307
2022-05-24,0.0434434465120471,0.04227080929156307
2022-05-24,0.0434434465120471,0.04227080929156307
2022-05-25,0.0455732179239957,0.04227080929156307
2022-05-25,0.0455732179239957,0.04227080929156307
2022-05-26,0.0489743178477423,0.04227080929156307
2022-05-26,0.0489743178477423,0.04227080929156307
2022-05-27,0.0525818621682593,0.04227080929156307
2022-05-27,0.0525818621682593,0.04227080929156307
2022-05-31,0.052486631294029,0.04227080929156307
2022-05-31,0.052486631294029,0.04227080929156307
2022-06-01,0.0512431061628659,0.04227080929156307
2022-06-01,0.0512431061628659,0.04227080929156307
2022-06-02,0.0536502240922862,0.04227080929156307
2022-06-02,0.0536502240922862,0.04227080929156307
2022-06-03,0.0486837664745101,0.04227080929156307
2022-06-03,0.0486837664745101,0.04227080929156307
2022-06-06,0.0494685294614099,0.04227080929156307
2022-06-06,0.0494685294614099,0.04227080929156307
2022-06-07,0.0495950383433814,0.04227080929156307
2022-06-07,0.0495950383433814,0.04227080929156307
2022-06-08,0.0502164524916844,0.04227080929156307
2022-06-08,0.0502164524916844,0.04227080929156307
2022-06-09,0.0497660300888545,0.04227080929156307
2022-06-09,0.0497660300888545,0.04227080929156307
2022-06-10,0.0482069311782661,0.04227080929156307
2022-06-10,0.0482069311782661,0.04227080929156307
2022-06-13,0.0447676008106731,0.04227080929156307
2022-06-13,0.0447676008106731,0.04227080929156307
2022-06-14,0.0458422183362482,0.04227080929156307
2022-06-14,0.0458422183362482,0.04227080929156307
2022-06-15,0.0483674990424208,0.04227080929156307
2022-06-15,0.0483674990424208,0.04227080929156307
2022-06-16,0.0442177824357356,0.04227080929156307
2022-06-16,0.0442177824357356,0.04227080929156307
2022-06-17,0.0449809944616557,0.04227080929156307
2022-06-17,0.0449809944616557,0.04227080929156307
2022-06-21,0.0492092592778117,0.04227080929156307
2022-06-21,0.0492092592778117,0.04227080929156307
2022-06-22,0.0490111578043677,0.04227080929156307
2022-06-22,0.0490111578043677,0.04227080929156307
2022-06-23,0.0487991546406061,0.04227080929156307
2022-06-23,0.0487991546406061,0.04227080929156307
2022-06-24,0.0510172013087868,0.04227080929156307
2022-06-24,0.0510172013087868,0.04227080929156307
2022-06-27,0.050853158817526,0.04227080929156307
2022-06-27,0.050853158817526,0.04227080929156307
2022-06-28,0.0482972937562763,0.04227080929156307
2022-06-28,0.0482972937562763,0.04227080929156307
2022-06-29,0.0474270364875865,0.04227080929156307
2022-06-29,0.0474270364875865,0.04227080929156307
2022-06-30,0.0465894445319658,0.04227080929156307
2022-06-30,0.0465894445319658,0.04227080929156307
2022-07-01,0.0471712409310944,0.04227080929156307
2022-07-01,0.0471712409310944,0.04227080929156307
2022-07-05,0.0483814007327383,0.04227080929156307
2022-07-05,0.0483814007327383,0.04227080929156307
2022-07-06,0.0481033637444954,0.04227080929156307
2022-07-06,0.0481033637444954,0.04227080929156307
2022-07-07,0.0507746137899482,0.04227080929156307
2022-07-07,0.0507746137899482,0.04227080929156307
2022-07-08,0.0520716615424962,0.04227080929156307
2022-07-08,0.0520716615424962,0.04227080929156307
2022-07-11,0.0486476233524418,0.04227080929156307
2022-07-11,0.0486476233524418,0.04227080929156307
2022-07-12,0.0483820975672953,0.04227080929156307
2022-07-12,0.0483820975672953,0.04227080929156307
2022-07-13,0.0492099529304757,0.04227080929156307
2022-07-13,0.0492099529304757,0.04227080929156307
2022-07-14,0.0494754818975151,0.04227080929156307
2022-07-14,0.0494754818975151,0.04227080929156307
2022-07-15,0.0498411004893261,0.04227080929156307
2022-07-15,0.0498411004893261,0.04227080929156307
2022-07-18,0.0499411932959907,0.04227080929156307
2022-07-18,0.0499411932959907,0.04227080929156307
2022-07-19,0.0509803613521615,0.04227080929156307
2022-07-19,0.0509803613521615,0.04227080929156307
2022-07-20,0.0513911628239241,0.04227080929156307
2022-07-20,0.0513911628239241,0.04227080929156307
2022-07-21,0.0564389432618272,0.04227080929156307
2022-07-21,0.0564389432618272,0.04227080929156307
2022-07-22,0.0565508568008171,0.04227080929156307
2022-07-22,0.0565508568008171,0.04227080929156307
2022-07-25,0.055756357221477,0.04227080929156307
2022-07-25,0.055756357221477,0.04227080929156307
2022-07-26,0.0537600439457122,0.04227080929156307
2022-07-26,0.0537600439457122,0.04227080929156307
2022-07-27,0.0570881639726582,0.04227080929156307
2022-07-27,0.0570881639726582,0.04227080929156307
2022-07-28,0.0583560146754572,0.04227080929156307
2022-07-28,0.0583560146754572,0.04227080929156307
2022-07-29,0.0617446033961075,0.04227080929156307
2022-07-29,0.0617446033961075,0.04227080929156307
2022-08-01,0.0617710194714144,0.04227080929156307
2022-08-01,0.0617710194714144,0.04227080929156307
2022-08-02,0.0624612484186409,0.04227080929156307
2022-08-02,0.0624612484186409,0.04227080929156307
2022-08-03,0.0638813272441612,0.04227080929156307
2022-08-03,0.0638813272441612,0.04227080929156307
2022-08-04,0.0641392069405384,0.04227080929156307
2022-08-04,0.0641392069405384,0.04227080929156307
2022-08-05,0.059872021209765,0.04227080929156307
2022-08-05,0.059872021209765,0.04227080929156307
2022-08-08,0.0603419040699037,0.04227080929156307
2022-08-08,0.0603419040699037,0.04227080929156307
2022-08-09,0.0588634375086712,0.04227080929156307
2022-08-09,0.0588634375086712,0.04227080929156307
2022-08-10,0.0611621133443148,0.04227080929156307
2022-08-10,0.0611621133443148,0.04227080929156307
2022-08-11,0.0595508854814556,0.04227080929156307
2022-08-11,0.0595508854814556,0.04227080929156307
2022-08-12,0.0623451665998808,0.04227080929156307
2022-08-12,0.0623451665998808,0.04227080929156307
2022-08-15,0.0642823984872695,0.04227080929156307
2022-08-15,0.0642823984872695,0.04227080929156307
2022-08-16,0.0637075513423531,0.04227080929156307
2022-08-16,0.0637075513423531,0.04227080929156307
2022-08-17,0.0631723314922901,0.04227080929156307
2022-08-17,0.0631723314922901,0.04227080929156307
2022-08-18,0.0629373868803278,0.04227080929156307
2022-08-18,0.0629373868803278,0.04227080929156307
2022-08-19,0.0616438137548859,0.04227080929156307
2022-08-19,0.0616438137548859,0.04227080929156307
2022-08-22,0.0602355524797979,0.04227080929156307
2022-08-22,0.0602355524797979,0.04227080929156307
2022-08-23,0.0615993308913843,0.04227080929156307
2022-08-23,0.0615993308913843,0.04227080929156307
2022-08-24,0.061733485862125,0.04227080929156307
2022-08-24,0.061733485862125,0.04227080929156307
2022-08-25,0.0615193953765854,0.04227080929156307
2022-08-25,0.0615193953765854,0.04227080929156307
2022-08-26,0.0598553353631124,0.04227080929156307
2022-08-26,0.0598553353631124,0.04227080929156307
2022-08-29,0.0591734493392122,0.04227080929156307
2022-08-29,0.0591734493392122,0.04227080929156307
2022-08-30,0.0576887271764315,0.04227080929156307
2022-08-30,0.0576887271764315,0.04227080929156307
2022-08-31,0.0572528969346901,0.04227080929156307
2022-08-31,0.0572528969346901,0.04227080929156307
2022-09-01,0.0575761199847775,0.04227080929156307
2022-09-01,0.0575761199847775,0.04227080929156307
2022-09-02,0.0561268441095082,0.04227080929156307
2022-09-02,0.0561268441095082,0.04227080929156307
2022-09-06,0.0570047538307532,0.04227080929156307
2022-09-06,0.0570047538307532,0.04227080929156307
2022-09-07,0.0589398983963639,0.04227080929156307
2022-09-07,0.0589398983963639,0.04227080929156307
2022-09-08,0.060099316551065,0.04227080929156307
2022-09-08,0.060099316551065,0.04227080929156307
2022-09-09,0.0622721803392942,0.04227080929156307
2022-09-09,0.0622721803392942,0.04227080929156307
2022-09-12,0.0632606099304152,0.04227080929156307
2022-09-12,0.0632606099304152,0.04227080929156307
2022-09-13,0.0606977924330603,0.04227080929156307
2022-09-13,0.0606977924330603,0.04227080929156307
2022-09-14,0.0628831674243859,0.04227080929156307
2022-09-14,0.0628831674243859,0.04227080929156307
2022-09-15,0.0631208930107903,0.04227080929156307
2022-09-15,0.0631208930107903,0.04227080929156307
2022-09-16,0.0630374828688853,0.04227080929156307
2022-09-16,0.0630374828688853,0.04227080929156307
2022-09-19,0.0642302663531056,0.04227080929156307
2022-09-19,0.0642302663531056,0.04227080929156307
2022-09-20,0.0641593674142971,0.04227080929156307
2022-09-20,0.0641593674142971,0.04227080929156307
2022-09-21,0.0625057312821425,0.04227080929156307
2022-09-21,0.0625057312821425,0.04227080929156307
2022-09-22,0.0599595996314401,0.04227080929156307
2022-09-22,0.0599595996314401,0.04227080929156307
2022-09-23,0.057194509198978,0.04227080929156307
2022-09-23,0.057194509198978,0.04227080929156307
2022-09-26,0.057336313440381,0.04227080929156307
2022-09-26,0.057336313440381,0.04227080929156307
2022-09-27,0.0587814146720943,0.04227080929156307
2022-09-27,0.0587814146720943,0.04227080929156307
2022-09-28,0.0597969476274003,0.04227080929156307
2022-09-28,0.0597969476274003,0.04227080929156307
2022-09-29,0.0557097870361974,0.04227080929156307
2022-09-29,0.0557097870361974,0.04227080929156307
2022-09-30,0.0550925443495574,0.04227080929156307
2022-09-30,0.0550925443495574,0.04227080929156307
2022-10-03,0.0503276660142244,0.04227080929156307
2022-10-03,0.0503276660142244,0.04227080929156307
2022-10-04,0.0517957086941385,0.04227080929156307
2022-10-04,0.0517957086941385,0.04227080929156307
2022-10-05,0.0499961064045966,0.04227080929156307
2022-10-05,0.0499961064045966,0.04227080929156307
2022-10-06,0.0494372514536688,0.04227080929156307
2022-10-06,0.0494372514536688,0.04227080929156307
2022-10-07,0.0462968122007413,0.04227080929156307
2022-10-07,0.0462968122007413,0.04227080929156307
2022-10-10,0.0462738739344335,0.04227080929156307
2022-10-10,0.0462738739344335,0.04227080929156307
2022-10-11,0.0449267781876068,0.04227080929156307
2022-10-11,0.0449267781876068,0.04227080929156307
2022-10-12,0.0450810904502132,0.04227080929156307
2022-10-12,0.0450810904502132,0.04227080929156307
2022-10-13,0.0460152974034994,0.04227080929156307
2022-10-13,0.0460152974034994,0.04227080929156307
2022-10-14,0.0425266158761846,0.04227080929156307
2022-10-14,0.0425266158761846,0.04227080929156307
2022-10-17,0.0455210857898318,0.04227080929156307
2022-10-17,0.0455210857898318,0.04227080929156307
2022-10-18,0.0456962489969681,0.04227080929156307
2022-10-18,0.0456962489969681,0.04227080929156307
2022-10-19,0.0460820248806448,0.04227080929156307
2022-10-19,0.0460820248806448,0.04227080929156307
2022-10-20,0.0430041448250925,0.04227080929156307
2022-10-20,0.0430041448250925,0.04227080929156307
2022-10-21,0.0444972099111995,0.04227080929156307
2022-10-21,0.0444972099111995,0.04227080929156307
2022-10-24,0.0438320033701659,0.04227080929156307
2022-10-24,0.0438320033701659,0.04227080929156307
2022-10-25,0.0461612667427796,0.04227080929156307
2022-10-25,0.0461612667427796,0.04227080929156307
2022-10-26,0.046624200348706,0.04227080929156307
2022-10-26,0.046624200348706,0.04227080929156307
2022-10-27,0.0467180375538223,0.04227080929156307
2022-10-27,0.0467180375538223,0.04227080929156307
2022-10-28,0.0474332920891347,0.04227080929156307
2022-10-28,0.0474332920891347,0.04227080929156307
2022-10-31,0.0472289318322495,0.04227080929156307
2022-10-31,0.0472289318322495,0.04227080929156307
2022-11-01,0.0472873227498545,0.04227080929156307
2022-11-01,0.0472873227498545,0.04227080929156307
2022-11-02,0.0446098139209605,0.04227080929156307
2022-11-02,0.0446098139209605,0.04227080929156307
2022-11-03,0.044678628719884,0.04227080929156307
2022-11-03,0.044678628719884,0.04227080929156307
2022-11-04,0.0430437657561599,0.04227080929156307
2022-11-04,0.0430437657561599,0.04227080929156307
2022-11-07,0.0408771543875861,0.04227080929156307
2022-11-07,0.0408771543875861,0.04227080929156307
2022-11-08,0.0396718597002693,0.04227080929156307
2022-11-08,0.0396718597002693,0.04227080929156307
2022-11-09,0.0368129320626909,0.04227080929156307
2022-11-09,0.0368129320626909,0.04227080929156307
2022-11-10,0.039550912767182,0.04227080929156307
2022-11-10,0.039550912767182,0.04227080929156307
2022-11-11,0.0406456875846229,0.04227080929156307
2022-11-11,0.0406456875846229,0.04227080929156307
2022-11-14,0.0395988734396827,0.04227080929156307
2022-11-14,0.0395988734396827,0.04227080929156307
2022-11-15,0.0403224677164284,0.04227080929156307
2022-11-15,0.0403224677164284,0.04227080929156307
2022-11-16,0.0387585036915129,0.04227080929156307
2022-11-16,0.0387585036915129,0.04227080929156307
2022-11-17,0.0379765216790552,0.04227080929156307
2022-11-17,0.0379765216790552,0.04227080929156307
2022-11-18,0.0373551075307521,0.04227080929156307
2022-11-18,0.0373551075307521,0.04227080929156307
2022-11-21,0.034786034431849,0.04227080929156307
2022-11-21,0.034786034431849,0.04227080929156307
2022-11-22,0.0352114344284861,0.04227080929156307
2022-11-22,0.0352114344284861,0.04227080929156307
2022-11-23,0.0379827772806034,0.04227080929156307
2022-11-23,0.0379827772806034,0.04227080929156307
2022-11-25,0.0379118783417949,0.04227080929156307
2022-11-25,0.0379118783417949,0.04227080929156307
2022-11-28,0.0379243895448913,0.04227080929156307
2022-11-28,0.0379243895448913,0.04227080929156307
2022-11-29,0.0374885656669359,0.04227080929156307
2022-11-29,0.0374885656669359,0.04227080929156307
2022-11-30,0.0403808554521405,0.04227080929156307
2022-11-30,0.0403808554521405,0.04227080929156307
2022-12-01,0.0403808554521405,0.04227080929156307
2022-12-01,0.0403808554521405,0.04227080929156307
2022-12-02,0.0404142207816597,0.04227080929156307
2022-12-02,0.0404142207816597,0.04227080929156307
2022-12-05,0.0378263808781118,0.04227080929156307
2022-12-05,0.0378263808781118,0.04227080929156307
2022-12-06,0.0372779529903954,0.04227080929156307
2022-12-06,0.0372779529903954,0.04227080929156307
2022-12-07,0.0360726551211856,0.04227080929156307
2022-12-07,0.0360726551211856,0.04227080929156307
2022-12-08,0.0359475399083282,0.04227080929156307
2022-12-08,0.0359475399083282,0.04227080929156307
2022-12-09,0.0371173851262407,0.04227080929156307
2022-12-09,0.0371173851262407,0.04227080929156307
2022-12-12,0.0347756105505306,0.04227080929156307
2022-12-12,0.0347756105505306,0.04227080929156307
2022-12-13,0.0333430173400208,0.04227080929156307
2022-12-13,0.0333430173400208,0.04227080929156307
2022-12-14,0.0324776251856581,0.04227080929156307
2022-12-14,0.0324776251856581,0.04227080929156307
2022-12-15,0.0326590439943425,0.04227080929156307
2022-12-15,0.0326590439943425,0.04227080929156307
2022-12-16,0.0311075911725235,0.04227080929156307
2022-12-16,0.0311075911725235,0.04227080929156307
2022-12-19,0.0310325207720518,0.04227080929156307
2022-12-19,0.0310325207720518,0.04227080929156307
2022-12-20,0.0285155829892055,0.04227080929156307
2022-12-20,0.0285155829892055,0.04227080929156307
2022-12-21,0.0284676223167048,0.04227080929156307
2022-12-21,0.0284676223167048,0.04227080929156307
2022-12-22,0.0259194017532779,0.04227080929156307
2022-12-22,0.0259194017532779,0.04227080929156307
2022-12-23,0.0254606396090146,0.04227080929156307
2022-12-23,0.0254606396090146,0.04227080929156307
2022-12-27,0.0225308130326277,0.04227080929156307
2022-12-27,0.0225308130326277,0.04227080929156307
2022-12-28,0.0232836011772294,0.04227080929156307
2022-12-28,0.0232836011772294,0.04227080929156307
2022-12-29,0.0251832962734358,0.04227080929156307
2022-12-29,0.0251832962734358,0.04227080929156307
2022-12-30,0.0254668952105628,0.04227080929156307
2022-12-30,0.0254668952105628,0.04227080929156307
2023-01-03,0.0223222844959723,0.04227080929156307
2023-01-03,0.0223222844959723,0.04227080929156307
2023-01-04,0.0234775327799567,0.04227080929156307
2023-01-04,0.0234775327799567,0.04227080929156307
2023-01-05,0.0227893879726153,0.04227080929156307
2023-01-05,0.0227893879726153,0.04227080929156307
2023-01-06,0.0233565858468695,0.04227080929156307
2023-01-06,0.0233565858468695,0.04227080929156307
2023-01-09,0.0247558121369136,0.04227080929156307
2023-01-09,0.0247558121369136,0.04227080929156307
2023-01-10,0.0245639662650178,0.04227080929156307
2023-01-10,0.0245639662650178,0.04227080929156307
2023-01-11,0.0254752365429426,0.04227080929156307
2023-01-11,0.0254752365429426,0.04227080929156307
2023-01-12,0.0255461354817512,0.04227080929156307
2023-01-12,0.0255461354817512,0.04227080929156307
2023-01-13,0.0253042432065231,0.04227080929156307
2023-01-13,0.0253042432065231,0.04227080929156307
2023-01-17,0.0271997684320128,0.04227080929156307
2023-01-17,0.0271997684320128,0.04227080929156307
2023-01-18,0.0266346546976438,0.04227080929156307
2023-01-18,0.0266346546976438,0.04227080929156307
2023-01-19,0.0262989236263529,0.04227080929156307
2023-01-19,0.0262989236263529,0.04227080929156307
2023-01-20,0.0276022269804491,0.04227080929156307
2023-01-20,0.0276022269804491,0.04227080929156307
2023-01-23,0.0297563271459265,0.04227080929156307
2023-01-23,0.0297563271459265,0.04227080929156307
2023-01-24,0.0297855210137826,0.04227080929156307
2023-01-24,0.0297855210137826,0.04227080929156307
2023-01-25,0.0298981250235436,0.04227080929156307
2023-01-25,0.0298981250235436,0.04227080929156307
2023-01-26,0.0332012194624037,0.04227080929156307
2023-01-26,0.0332012194624037,0.04227080929156307
2023-01-27,0.0368775753999512,0.04227080929156307
2023-01-27,0.0368775753999512,0.04227080929156307
2023-01-30,0.034533716684356,0.04227080929156307
2023-01-30,0.034533716684356,0.04227080929156307
2023-01-31,0.0359016633757125,0.04227080929156307
2023-01-31,0.0359016633757125,0.04227080929156307
2023-02-01,0.0376095126000231,0.04227080929156307
2023-02-01,0.0376095126000231,0.04227080929156307
2023-02-02,0.0390400184887549,0.04227080929156307
2023-02-02,0.0390400184887549,0.04227080929156307
2023-02-03,0.0393966005045756,0.04227080929156307
2023-02-03,0.0393966005045756,0.04227080929156307
2023-02-06,0.0403933666552369,0.04227080929156307
2023-02-06,0.0403933666552369,0.04227080929156307
2023-02-07,0.0408208507917591,0.04227080929156307
2023-02-07,0.0408208507917591,0.04227080929156307
2023-02-08,0.0417550577450452,0.04227080929156307
2023-02-08,0.0417550577450452,0.04227080929156307
2023-02-09,0.0430124877484188,0.04227080929156307
2023-02-09,0.0430124877484188,0.04227080929156307
2023-02-10,0.0408375334565187,0.04227080929156307
2023-02-10,0.0408375334565187,0.04227080929156307
2023-02-13,0.040368344249044,0.04227080929156307
2023-02-13,0.040368344249044,0.04227080929156307
2023-02-14,0.0434149462968551,0.04227080929156307
2023-02-14,0.0434149462968551,0.04227080929156307
2023-02-15,0.044455504840247,0.04227080929156307
2023-02-15,0.044455504840247,0.04227080929156307
2023-02-16,0.0419114541475368,0.04227080929156307
2023-02-16,0.0419114541475368,0.04227080929156307
2023-02-17,0.0432189289632962,0.04227080929156307
2023-02-17,0.0432189289632962,0.04227080929156307
2023-02-21,0.0409376262631832,0.04227080929156307
2023-02-21,0.0409376262631832,0.04227080929156307
2023-02-22,0.0416653920015921,0.04227080929156307
2023-02-22,0.0416653920015921,0.04227080929156307
2023-02-23,0.041917712930978,0.04227080929156307
2023-02-23,0.041917712930978,0.04227080929156307
2023-02-24,0.0408354493166336,0.04227080929156307
2023-02-24,0.0408354493166336,0.04227080929156307
2023-02-27,0.0430771310856791,0.04227080929156307
2023-02-27,0.0430771310856791,0.04227080929156307
2023-02-28,0.0426767566771279,0.04227080929156307
2023-02-28,0.0426767566771279,0.04227080929156307
2023-03-01,0.0420636822702582,0.04227080929156307
2023-03-01,0.0420636822702582,0.04227080929156307
2023-03-02,0.0395884463764714,0.04227080929156307
2023-03-02,0.0395884463764714,0.04227080929156307
2023-03-03,0.0410252078667514,0.04227080929156307
2023-03-03,0.0410252078667514,0.04227080929156307
2023-03-06,0.0401952651817929,0.04227080929156307
2023-03-06,0.0401952651817929,0.04227080929156307
2023-03-07,0.0389232430173307,0.04227080929156307
2023-03-07,0.0389232430173307,0.04227080929156307
2023-03-08,0.0377325436729955,0.04227080929156307
2023-03-08,0.0377325436729955,0.04227080929156307
2023-03-09,0.0358391041783373,0.04227080929156307
2023-03-09,0.0358391041783373,0.04227080929156307
2023-03-10,0.0359475399083282,0.04227080929156307
2023-03-10,0.0359475399083282,0.04227080929156307
2023-03-13,0.0361644081864169,0.04227080929156307
2023-03-13,0.0361644081864169,0.04227080929156307
2023-03-14,0.0379952884836999,0.04227080929156307
2023-03-14,0.0379952884836999,0.04227080929156307
2023-03-15,0.037409323804801,0.04227080929156307
2023-03-15,0.037409323804801,0.04227080929156307
2023-03-16,0.0381767104742773,0.04227080929156307
2023-03-16,0.0381767104742773,0.04227080929156307
2023-03-17,0.0373425963276557,0.04227080929156307
2023-03-17,0.0373425963276557,0.04227080929156307
2023-03-20,0.0379932043438148,0.04227080929156307
2023-03-20,0.0379932043438148,0.04227080929156307
2023-03-21,0.0409814186559138,0.04227080929156307
2023-03-21,0.0409814186559138,0.04227080929156307
2023-03-22,0.0396405785106352,0.04227080929156307
2023-03-22,0.0396405785106352,0.04227080929156307
2023-03-23,0.0398637055721651,0.04227080929156307
2023-03-23,0.0398637055721651,0.04227080929156307
2023-03-24,0.0394862694299217,0.04227080929156307
2023-03-24,0.0394862694299217,0.04227080929156307
2023-03-27,0.0397782081084821,0.04227080929156307
2023-03-27,0.0397782081084821,0.04227080929156307
2023-03-28,0.0392318643606507,0.04227080929156307
2023-03-28,0.0392318643606507,0.04227080929156307
2023-03-29,0.0402098637066674,0.04227080929156307
2023-03-29,0.0402098637066674,0.04227080929156307
2023-03-30,0.0405018023852278,0.04227080929156307
2023-03-30,0.0405018023852278,0.04227080929156307
2023-03-31,0.0430416816162749,0.04227080929156307
2023-03-31,0.0430416816162749,0.04227080929156307
2023-04-03,0.040395453977015,0.04227080929156307
2023-04-03,0.040395453977015,0.04227080929156307
2023-04-04,0.0399387759726368,0.04227080929156307
2023-04-04,0.0399387759726368,0.04227080929156307
2023-04-05,0.0384665650129525,0.04227080929156307
2023-04-05,0.0384665650129525,0.04227080929156307
2023-04-06,0.0383706404860582,0.04227080929156307
2023-04-06,0.0383706404860582,0.04227080929156307
2023-04-10,0.0382559491545191,0.04227080929156307
2023-04-10,0.0382559491545191,0.04227080929156307
2023-04-11,0.038731393963542,0.04227080929156307
2023-04-11,0.038731393963542,0.04227080929156307
2023-04-12,0.0374280906094457,0.04227080929156307
2023-04-12,0.0374280906094457,0.04227080929156307
2023-04-13,0.0385458036931944,0.04227080929156307
2023-04-13,0.0385458036931944,0.04227080929156307
2023-04-14,0.0383581292829617,0.04227080929156307
2023-04-14,0.0383581292829617,0.04227080929156307
2023-04-17,0.0387835260977058,0.04227080929156307
2023-04-17,0.0387835260977058,0.04227080929156307
2023-04-18,0.0382142440835666,0.04227080929156307
2023-04-18,0.0382142440835666,0.04227080929156307
2023-04-19,0.0374385176726571,0.04227080929156307
2023-04-19,0.0374385176726571,0.04227080929156307
2023-04-20,0.0337684173366579,0.04227080929156307
2023-04-20,0.0337684173366579,0.04227080929156307
2023-04-21,0.0342042412146133,0.04227080929156307
2023-04-21,0.0342042412146133,0.04227080929156307
2023-04-24,0.0336766642714266,0.04227080929156307
2023-04-24,0.0336766642714266,0.04227080929156307
2023-04-25,0.0332846296043087,0.04227080929156307
2023-04-25,0.0332846296043087,0.04227080929156307
2023-04-26,0.0318416125124805,0.04227080929156307
2023-04-26,0.0318416125124805,0.04227080929156307
2023-04-27,0.0331845367976441,0.04227080929156307
2023-04-27,0.0331845367976441,0.04227080929156307
2023-04-28,0.0340436733504586,0.04227080929156307
2023-04-28,0.0340436733504586,0.04227080929156307
2023-05-01,0.0335265234704833,0.04227080929156307
2023-05-01,0.0335265234704833,0.04227080929156307
2023-05-02,0.033209559203837,0.04227080929156307
2023-05-02,0.033209559203837,0.04227080929156307
2023-05-03,0.0332721184012123,0.04227080929156307
2023-05-03,0.0332721184012123,0.04227080929156307
2023-05-04,0.0333951494741846,0.04227080929156307
2023-05-04,0.0333951494741846,0.04227080929156307
2023-05-05,0.0352427124362272,0.04227080929156307
2023-05-05,0.0352427124362272,0.04227080929156307
2023-05-08,0.035603465913711,0.04227080929156307
2023-05-08,0.035603465913711,0.04227080929156307
2023-05-09,0.0350529507042165,0.04227080929156307
2023-05-09,0.0350529507042165,0.04227080929156307
2023-05-10,0.0349257481695809,0.04227080929156307
2023-05-10,0.0349257481695809,0.04227080929156307
2023-05-11,0.0356639409712011,0.04227080929156307
2023-05-11,0.0356639409712011,0.04227080929156307
2023-05-12,0.0348089726981568,0.04227080929156307
2023-05-12,0.0348089726981568,0.04227080929156307
2023-05-15,0.0344690733470957,0.04227080929156307
2023-05-15,0.0344690733470957,0.04227080929156307
2023-05-16,0.0345045228165,0.04227080929156307
2023-05-16,0.0345045228165,0.04227080929156307
2023-05-17,0.0360351215118963,0.04227080929156307
2023-05-17,0.0360351215118963,0.04227080929156307
2023-05-18,0.0366669627234107,0.04227080929156307
2023-05-18,0.0366669627234107,0.04227080929156307
2023-05-19,0.0373446804675407,0.04227080929156307
2023-05-19,0.0373446804675407,0.04227080929156307
2023-05-22,0.0391651337016124,0.04227080929156307
2023-05-22,0.0391651337016124,0.04227080929156307
2023-05-23,0.0385186971471164,0.04227080929156307
2023-05-23,0.0385186971471164,0.04227080929156307
2023-05-24,0.0379202180832282,0.04227080929156307
2023-05-24,0.0379202180832282,0.04227080929156307
2023-05-25,0.0382476094130858,0.04227080929156307
2023-05-25,0.0382476094130858,0.04227080929156307
2023-05-26,0.0400618070456092,0.04227080929156307
2023-05-26,0.0400618070456092,0.04227080929156307
2023-05-30,0.0417279511989672,0.04227080929156307
2023-05-30,0.0417279511989672,0.04227080929156307
2023-05-31,0.0423055729545398,0.04227080929156307
2023-05-31,0.0423055729545398,0.04227080929156307
2023-06-01,0.0430541928193713,0.04227080929156307
2023-06-01,0.0430541928193713,0.04227080929156307
2023-06-02,0.04439920124442,0.04227080929156307
2023-06-02,0.04439920124442,0.04227080929156307
2023-06-05,0.04515824499057,0.04227080929156307
2023-06-05,0.04515824499057,0.04227080929156307
2023-06-06,0.0459297999398163,0.04227080929156307
2023-06-06,0.0459297999398163,0.04227080929156307
2023-06-07,0.0466096050057244,0.04227080929156307
2023-06-07,0.0466096050057244,0.04227080929156307
2023-06-08,0.0487553622478756,0.04227080929156307
2023-06-08,0.0487553622478756,0.04227080929156307
2023-06-09,0.0507447230875352,0.04227080929156307
2023-06-09,0.0507447230875352,0.04227080929156307
2023-06-12,0.0518770346961583,0.04227080929156307
2023-06-12,0.0518770346961583,0.04227080929156307
2023-06-13,0.0537287659379711,0.04227080929156307
2023-06-13,0.0537287659379711,0.04227080929156307
2023-06-14,0.0533283947113128,0.04227080929156307
2023-06-14,0.0533283947113128,0.04227080929156307
2023-06-15,0.0531428012590723,0.04227080929156307
2023-06-15,0.0531428012590723,0.04227080929156307
2023-06-16,0.0541103767237706,0.04227080929156307
2023-06-16,0.0541103767237706,0.04227080929156307
2023-06-20,0.0570110094323015,0.04227080929156307
2023-06-20,0.0570110094323015,0.04227080929156307
2023-06-21,0.0538851623404626,0.04227080929156307
2023-06-21,0.0538851623404626,0.04227080929156307
2023-06-22,0.0549590830314807,0.04227080929156307
2023-06-22,0.0549590830314807,0.04227080929156307
2023-06-23,0.0532887737802454,0.04227080929156307
2023-06-23,0.0532887737802454,0.04227080929156307
2023-06-26,0.0500461543988754,0.04227080929156307
2023-06-26,0.0500461543988754,0.04227080929156307
2023-06-27,0.0519562765582931,0.04227080929156307
2023-06-27,0.0519562765582931,0.04227080929156307
2023-06-28,0.0532137001978808,0.04227080929156307
2023-06-28,0.0532137001978808,0.04227080929156307
2023-06-29,0.0534764481904781,0.04227080929156307
2023-06-29,0.0534764481904781,0.04227080929156307
2023-06-30,0.0543668627510337,0.04227080929156307
2023-06-30,0.0543668627510337,0.04227080929156307
2023-07-03,0.0581308066559352,0.04227080929156307
2023-07-03,0.0581308066559352,0.04227080929156307
2023-07-05,0.0586854933270929,0.04227080929156307
2023-07-05,0.0586854933270929,0.04227080929156307
2023-07-06,0.0574468333102569,0.04227080929156307
2023-07-06,0.0574468333102569,0.04227080929156307
2023-07-07,0.0570068347887454,0.04227080929156307
2023-07-07,0.0570068347887454,0.04227080929156307
2023-07-10,0.0560017257147577,0.04227080929156307
2023-07-10,0.0560017257147577,0.04227080929156307
2023-07-11,0.056039265687833,0.04227080929156307
2023-07-11,0.056039265687833,0.04227080929156307
2023-07-12,0.0564980246502033,0.04227080929156307
2023-07-12,0.0564980246502033,0.04227080929156307
2023-07-13,0.057730429065491,0.04227080929156307
2023-07-13,0.057730429065491,0.04227080929156307
2023-07-14,0.0584561106640148,0.04227080929156307
2023-07-14,0.0584561106640148,0.04227080929156307
2023-07-17,0.0603328674939133,0.04227080929156307
2023-07-17,0.0603328674939133,0.04227080929156307
2023-07-18,0.0609501101805533,0.04227080929156307
2023-07-18,0.0609501101805533,0.04227080929156307
2023-07-19,0.0605163736243758,0.04227080929156307
2023-07-19,0.0605163736243758,0.04227080929156307
2023-07-20,0.0546025010156601,0.04227080929156307
2023-07-20,0.0546025010156601,0.04227080929156307
2023-07-21,0.0540019378118868,0.04227080929156307
2023-07-21,0.0540019378118868,0.04227080929156307
2023-07-24,0.0558870375651116,0.04227080929156307
2023-07-24,0.0558870375651116,0.04227080929156307
2023-07-25,0.0550987999511057,0.04227080929156307
2023-07-25,0.0550987999511057,0.04227080929156307
2023-07-26,0.0549048699393248,0.04227080929156307
2023-07-26,0.0549048699393248,0.04227080929156307
2023-07-27,0.0531031835098978,0.04227080929156307
2023-07-27,0.0531031835098978,0.04227080929156307
2023-07-28,0.0553406938172802,0.04227080929156307
2023-07-28,0.0553406938172802,0.04227080929156307
2023-07-31,0.0555471350321576,0.04227080929156307
2023-07-31,0.0555471350321576,0.04227080929156307
2023-08-01,0.0542208965936465,0.04227080929156307
2023-08-01,0.0542208965936465,0.04227080929156307
2023-08-02,0.052769536578492,0.04227080929156307
2023-08-02,0.052769536578492,0.04227080929156307
2023-08-03,0.0538559716544995,0.04227080929156307
2023-08-03,0.0538559716544995,0.04227080929156307
2023-08-04,0.0527174044443282,0.04227080929156307
2023-08-04,0.0527174044443282,0.04227080929156307
2023-08-07,0.0522148499073343,0.04227080929156307
2023-08-07,0.0522148499073343,0.04227080929156307
2023-08-08,0.0518499249681874,0.04227080929156307
2023-08-08,0.0518499249681874,0.04227080929156307
2023-08-09,0.0502838768033868,0.04227080929156307
2023-08-09,0.0502838768033868,0.04227080929156307
2023-08-10,0.0509407404210941,0.04227080929156307
2023-08-10,0.0509407404210941,0.04227080929156307
2023-08-11,0.0503797981483883,0.04227080929156307
2023-08-11,0.0503797981483883,0.04227080929156307
2023-08-14,0.0497771508047299,0.04227080929156307
2023-08-14,0.0497771508047299,0.04227080929156307
2023-08-15,0.0483591593009875,0.04227080929156307
2023-08-15,0.0483591593009875,0.04227080929156307
2023-08-16,0.0468243891439281,0.04227080929156307
2023-08-16,0.0468243891439281,0.04227080929156307
2023-08-17,0.0454939760618609,0.04227080929156307
2023-08-17,0.0454939760618609,0.04227080929156307
2023-08-18,0.0447161655110663,0.04227080929156307
2023-08-18,0.0447161655110663,0.04227080929156307
2023-08-21,0.0480088297048221,0.04227080929156307
2023-08-21,0.0480088297048221,0.04227080929156307
2023-08-22,0.0484071199734882,0.04227080929156307
2023-08-22,0.0484071199734882,0.04227080929156307
2023-08-23,0.0491724193211864,0.04227080929156307
2023-08-23,0.0491724193211864,0.04227080929156307
2023-08-24,0.047750253173888,0.04227080929156307
2023-08-24,0.047750253173888,0.04227080929156307
2023-08-25,0.0495331727986702,0.04227080929156307
2023-08-25,0.0495331727986702,0.04227080929156307
2023-08-28,0.0495811366530639,0.04227080929156307
2023-08-28,0.0495811366530639,0.04227080929156307
2023-08-29,0.0534097175314398,0.04227080929156307
2023-08-29,0.0534097175314398,0.04227080929156307
2023-08-30,0.0533513297957277,0.04227080929156307
2023-08-30,0.0533513297957277,0.04227080929156307
2023-08-31,0.0535973919416724,0.04227080929156307
2023-08-31,0.0535973919416724,0.04227080929156307
2023-09-01,0.0508719256221707,0.04227080929156307
2023-09-01,0.0508719256221707,0.04227080929156307
2023-09-05,0.0532658323320446,0.04227080929156307
2023-09-05,0.0532658323320446,0.04227080929156307
2023-09-06,0.0523128585741138,0.04227080929156307
2023-09-06,0.0523128585741138,0.04227080929156307
2023-09-07,0.0522231928306606,0.04227080929156307
2023-09-07,0.0522231928306606,0.04227080929156307
2023-09-08,0.0515996913605795,0.04227080929156307
2023-09-08,0.0515996913605795,0.04227080929156307
2023-09-11,0.0568295842598311,0.04227080929156307
2023-09-11,0.0568295842598311,0.04227080929156307
2023-09-12,0.0555575652772619,0.04227080929156307
2023-09-12,0.0555575652772619,0.04227080929156307
2023-09-13,0.0563541394508082,0.04227080929156307
2023-09-13,0.0563541394508082,0.04227080929156307
2023-09-14,0.0573425690419292,0.04227080929156307
2023-09-14,0.0573425690419292,0.04227080929156307
2023-09-15,0.056998498229205,0.04227080929156307
2023-09-15,0.056998498229205,0.04227080929156307
2023-09-18,0.0550987999511057,0.04227080929156307
2023-09-18,0.0550987999511057,0.04227080929156307
2023-09-19,0.0553532050203767,0.04227080929156307
2023-09-19,0.0553532050203767,0.04227080929156307
2023-09-20,0.0545378576783998,0.04227080929156307
2023-09-20,0.0545378576783998,0.04227080929156307
2023-09-21,0.0531010961881198,0.04227080929156307
2023-09-21,0.0531010961881198,0.04227080929156307
2023-09-22,0.0508448190760927,0.04227080929156307
2023-09-22,0.0508448190760927,0.04227080929156307
2023-09-25,0.0512848144157113,0.04227080929156307
2023-09-25,0.0512848144157113,0.04227080929156307
2023-09-26,0.0506863353518231,0.04227080929156307
2023-09-26,0.0506863353518231,0.04227080929156307
2023-09-27,0.0499314630673363,0.04227080929156307
2023-09-27,0.0499314630673363,0.04227080929156307
2023-09-28,0.0511576118810758,0.04227080929156307
2023-09-28,0.0511576118810758,0.04227080929156307
2023-09-29,0.0519583606981782,0.04227080929156307
2023-09-29,0.0519583606981782,0.04227080929156307
2023-10-02,0.0522461310969684,0.04227080929156307
2023-10-02,0.0522461310969684,0.04227080929156307
2023-10-03,0.0511888898888169,0.04227080929156307
2023-10-03,0.0511888898888169,0.04227080929156307
2023-10-04,0.0542396633982912,0.04227080929156307
2023-10-04,0.0542396633982912,0.04227080929156307
2023-10-05,0.054008193413435,0.04227080929156307
2023-10-05,0.054008193413435,0.04227080929156307
2023-10-06,0.0541082894019925,0.04227080929156307
2023-10-06,0.0541082894019925,0.04227080929156307
2023-10-09,0.0539289579150861,0.04227080929156307
2023-10-09,0.0539289579150861,0.04227080929156307
2023-10-10,0.0547526418166034,0.04227080929156307
2023-10-10,0.0547526418166034,0.04227080929156307
2023-10-11,0.0546212678203047,0.04227080929156307
2023-10-11,0.0546212678203047,0.04227080929156307
2023-10-12,0.0537621312674902,0.04227080929156307
2023-10-12,0.0537621312674902,0.04227080929156307
2023-10-13,0.0521460351084109,0.04227080929156307
2023-10-13,0.0521460351084109,0.04227080929156307
2023-10-16,0.0527299156474246,0.04227080929156307
2023-10-16,0.0527299156474246,0.04227080929156307
2023-10-17,0.0529238488410985,0.04227080929156307
2023-10-17,0.0529238488410985,0.04227080929156307
2023-10-18,0.0503860537499365,0.04227080929156307
2023-10-18,0.0503860537499365,0.04227080929156307
2023-10-19,0.0456795663322085,0.04227080929156307
2023-10-19,0.0456795663322085,0.04227080929156307
2023-10-20,0.0439863156327724,0.04227080929156307
2023-10-20,0.0439863156327724,0.04227080929156307
2023-10-23,0.044005082437417,0.04227080929156307
2023-10-23,0.044005082437417,0.04227080929156307
2023-10-24,0.0449309496492699,0.04227080929156307
2023-10-24,0.0449309496492699,0.04227080929156307
2023-10-25,0.0440759813762256,0.04227080929156307
2023-10-25,0.0440759813762256,0.04227080929156307
2023-10-26,0.0426871805584463,0.04227080929156307
2023-10-26,0.0426871805584463,0.04227080929156307
2023-10-27,0.0430083162867557,0.04227080929156307
2023-10-27,0.0430083162867557,0.04227080929156307
2023-10-30,0.0409355421232982,0.04227080929156307
2023-10-30,0.0409355421232982,0.04227080929156307
2023-10-31,0.0416612205399289,0.04227080929156307
2023-10-31,0.0416612205399289,0.04227080929156307
2023-11-01,0.0426663296139165,0.04227080929156307
2023-11-01,0.0426663296139165,0.04227080929156307
2023-11-02,0.0453459194008026,0.04227080929156307
2023-11-02,0.0453459194008026,0.04227080929156307
2023-11-03,0.0456482883244673,0.04227080929156307
2023-11-03,0.0456482883244673,0.04227080929156307
2023-11-06,0.0455044031250722,0.04227080929156307
2023-11-06,0.0455044031250722,0.04227080929156307
2023-11-07,0.0461112187485008,0.04227080929156307
2023-11-07,0.0461112187485008,0.04227080929156307
2023-11-08,0.0460966234055193,0.04227080929156307
2023-11-08,0.0460966234055193,0.04227080929156307
2023-11-09,0.0435671712376835,0.04227080929156307
2023-11-09,0.0435671712376835,0.04227080929156307
2023-11-10,0.0445409991220371,0.04227080929156307
2023-11-10,0.0445409991220371,0.04227080929156307
2023-11-13,0.0464302703369251,0.04227080929156307
2023-11-13,0.0464302703369251,0.04227080929156307
2023-11-14,0.0492871106527254,0.04227080929156307
2023-11-14,0.0492871106527254,0.04227080929156307
2023-11-15,0.0504194190794557,0.04227080929156307
2023-11-15,0.0504194190794557,0.04227080929156307
2023-11-16,0.0484905301153932,0.04227080929156307
2023-11-16,0.0484905301153932,0.04227080929156307
2023-11-17,0.0486385867764514,0.04227080929156307
2023-11-17,0.0486385867764514,0.04227080929156307
2023-11-20,0.048909674510482,0.04227080929156307
2023-11-20,0.048909674510482,0.04227080929156307
2023-11-21,0.0500774324066165,0.04227080929156307
2023-11-21,0.0500774324066165,0.04227080929156307
2023-11-22,0.0486198199718068,0.04227080929156307
2023-11-22,0.0486198199718068,0.04227080929156307
2023-11-24,0.048878393320848,0.04227080929156307
2023-11-24,0.048878393320848,0.04227080929156307
2023-11-27,0.0490097673171466,0.04227080929156307
2023-11-27,0.0490097673171466,0.04227080929156307
2023-11-28,0.0512285108198843,0.04227080929156307
2023-11-28,0.0512285108198843,0.04227080929156307
2023-11-29,0.0506905068134862,0.04227080929156307
2023-11-29,0.0506905068134862,0.04227080929156307
2023-11-30,0.0498438814637682,0.04227080929156307
2023-11-30,0.0498438814637682,0.04227080929156307
2023-12-01,0.049583220792949,0.04227080929156307
2023-12-01,0.049583220792949,0.04227080929156307
2023-12-04,0.0489055030488189,0.04227080929156307
2023-12-04,0.0489055030488189,0.04227080929156307
2023-12-05,0.0495602825266411,0.04227080929156307
2023-12-05,0.0495602825266411,0.04227080929156307
2023-12-06,0.04969582480271,0.04227080929156307
2023-12-06,0.04969582480271,0.04227080929156307
2023-12-07,0.0503777140085032,0.04227080929156307
2023-12-07,0.0503777140085032,0.04227080929156307
2023-12-08,0.050627947616111,0.04227080929156307
2023-12-08,0.050627947616111,0.04227080929156307
2023-12-11,0.0497729825249597,0.04227080929156307
2023-12-11,0.0497729825249597,0.04227080929156307
2023-12-12,0.0492036973289275,0.04227080929156307
2023-12-12,0.0492036973289275,0.04227080929156307
2023-12-13,0.0496791421379504,0.04227080929156307
2023-12-13,0.0496791421379504,0.04227080929156307
2023-12-14,0.0521314397654294,0.04227080929156307
2023-12-14,0.0521314397654294,0.04227080929156307
2023-12-15,0.0526423340438565,0.04227080929156307
2023-12-15,0.0526423340438565,0.04227080929156307
2023-12-18,0.052346223903633,0.04227080929156307
2023-12-18,0.052346223903633,0.04227080929156307
2023-12-19,0.053418060454766,0.04227080929156307
2023-12-19,0.053418060454766,0.04227080929156307
2023-12-20,0.0513160924234524,0.04227080929156307
2023-12-20,0.0513160924234524,0.04227080929156307
2023-12-21,0.0528508625805119,0.04227080929156307
2023-12-21,0.0528508625805119,0.04227080929156307
2023-12-22,0.0524421452486344,0.04227080929156307
2023-12-22,0.0524421452486344,0.04227080929156307
2023-12-26,0.0532908547382376,0.04227080929156307
2023-12-26,0.0532908547382376,0.04227080929156307
2023-12-27,0.0542980511340032,0.04227080929156307
2023-12-27,0.0542980511340032,0.04227080929156307
2023-12-28,0.0525756033848182,0.04227080929156307
2023-12-28,0.0525756033848182,0.04227080929156307
2023-12-29,0.0515955198989164,0.04227080929156307
2023-12-29,0.0515955198989164,0.04227080929156307
