Date,Interest_Rate_Federal_Funds,GDP_Real,CPI_All_Items,GDP_Growth_Rate_YoY,Inflation_Rate_CPI_YoY
1947-01-01,,2182.681,21.48,,
1947-02-01,,,21.62,,
1947-03-01,,,22.0,,
1947-04-01,,2176.892,22.0,,
1947-05-01,,,21.95,-0.2652242815143535,
1947-06-01,,,22.08,-0.2652242815143535,
1947-07-01,,2172.432,22.23,-0.46956014186224637,
1947-08-01,,,22.4,-0.20487924986632988,
1947-09-01,,,22.84,-0.20487924986632988,
1947-10-01,,2206.452,22.91,1.3578992435086645,
1947-11-01,,,23.06,1.5659868755385942,
1947-12-01,,,23.41,1.5659868755385942,
1948-01-01,,2239.682,23.68,3.095608976483488,10.242085661080068
1948-02-01,,,23.67,1.5060377474787279,9.481961147086038
1948-03-01,,,23.5,1.5060377474787279,6.818181818181812
1948-04-01,,2276.69,23.82,3.183300611116846,8.272727272727277
1948-05-01,,,24.01,1.6523774357252607,9.384965831435089
1948-06-01,,,24.15,1.6523774357252607,9.375
1948-07-01,,2289.77,24.4,2.236388915926457,9.761583445793963
1948-08-01,,,24.43,0.5745182699445239,9.062499999999996
1948-09-01,,,24.36,0.5745182699445239,6.654991243432562
1948-10-01,,2292.364,24.31,0.6884556088004867,6.110868616324749
1948-11-01,,,24.16,0.1132864872891215,4.770164787510844
1948-12-01,,,24.05,0.1132864872891215,2.733874412644166
1949-01-01,,2260.807,24.01,-1.2648868663664992,1.3935810810810967
1949-02-01,,,23.91,-1.3766138361970492,1.0139416983523386
1949-03-01,,,23.91,-1.3766138361970492,1.744680851063829
1949-04-01,,2253.128,23.92,-1.7115955406732941,0.4198152812762368
1949-05-01,,,23.91,-0.33965747629053356,-0.4164931278633932
1949-06-01,,,23.92,-0.33965747629053356,-0.9523809523809379
1949-07-01,,2276.424,23.7,0.6907710388370347,-2.868852459016391
1949-08-01,,,23.7,1.0339403708977013,-2.988129349160873
1949-09-01,,,23.75,1.0339403708977013,-2.504105090311981
1949-10-01,,2257.352,23.67,0.18747270461330068,-2.6326614561908546
1949-11-01,,,23.7,-0.8378052594771535,-1.9039735099337762
1949-12-01,,,23.61,-0.8378052594771535,-1.8295218295218296
1950-01-01,,2346.104,23.51,3.060941195489053,-2.082465639316955
1950-02-01,,,23.61,3.9316863298236138,-1.2547051442910906
1950-03-01,,,23.64,3.9316863298236138,-1.129234629861986
1950-04-01,,2417.682,23.65,7.102569736576303,-1.1287625418060276
1950-05-01,,,23.77,3.050930393537543,-0.5855290673358438
1950-06-01,,,23.88,3.050930393537543,-0.16722408026756952
1950-07-01,,2511.127,24.07,7.033916655016159,1.561181434599157
1950-08-01,,,24.2,3.865065794426248,2.1097046413502074
1950-09-01,,,24.34,3.865065794426248,2.4842105263158
1950-10-01,,2559.214,24.5,5.854037048710303,3.50654837346851
1950-11-01,,,24.6,1.9149569097859143,3.797468354430378
1950-12-01,,,24.98,1.9149569097859143,5.80262600592969
1951-01-01,,2593.967,25.38,3.2989171794178596,7.9540621012335055
1951-02-01,,,25.83,1.3579559974273403,9.402795425667087
1951-03-01,,,25.88,1.3579559974273403,9.475465313028764
1951-04-01,,2638.898,25.92,3.113612226253859,9.598308668076116
1951-05-01,,,25.99,1.7321346031001994,9.339503575936048
1951-06-01,,,25.93,1.7321346031001994,8.584589614740379
1951-07-01,,2693.259,25.91,3.8278050568877564,7.644370585791438
1951-08-01,,,25.86,2.0599886770917175,6.859504132231398
1951-09-01,,,26.03,2.0599886770917175,6.943303204601481
1951-10-01,,2699.156,26.16,2.28345316870906,6.775510204081625
1951-11-01,,,26.32,0.21895406271732476,6.991869918699178
1951-12-01,,,26.47,0.21895406271732476,5.964771817453962
1952-01-01,,2727.954,26.45,1.288216246562257,4.215918045705291
1952-02-01,,,26.41,1.0669261057901114,2.245451025938827
1952-03-01,,,26.39,1.0669261057901114,1.9706336939721902
1952-04-01,,2733.8,26.46,1.2835123275572125,2.083333333333326
1952-05-01,,,26.47,0.21429980124298975,1.8468641785302164
1952-06-01,,,26.53,0.21429980124298975,2.313922097956045
1952-07-01,,2753.517,26.68,0.9370759184355704,2.9718255499807
1952-08-01,,,26.69,0.7212305216182546,3.209590100541382
1952-09-01,,,26.63,0.7212305216182546,2.3050326546292688
1952-10-01,,2843.941,26.69,4.028860926183331,2.0259938837920544
1952-11-01,,,26.69,3.283945586680592,1.4057750759878473
1952-12-01,,,26.71,3.283945586680592,0.9066868152625585
1953-01-01,,2896.811,26.64,5.204035420881747,0.7183364839319584
1953-02-01,,,26.59,1.8590399730515017,0.6815600151457879
1953-03-01,,,26.63,1.8590399730515017,0.9094353921940135
1953-04-01,,2919.206,26.69,2.646503566705505,0.8692365835222926
1953-05-01,,,26.7,0.7730915133917993,0.86890819795995
1953-06-01,,,26.77,0.7730915133917993,0.9046362608367886
1953-07-01,,2902.785,26.79,0.2062267783434768,0.41229385307346433
1953-08-01,,,26.85,-0.5625159718087858,0.5994754589734086
1953-09-01,,,26.89,-0.5625159718087858,0.9763424708974844
1953-10-01,,2858.845,26.95,-2.0677197840782813,0.9741476208317668
1953-11-01,,,26.85,-1.5137187218481563,0.5994754589734086
1953-12-01,,,26.87,-1.5137187218481563,0.5990265818045737
1954-01-01,,2845.192,26.94,-1.984060135352772,1.1261261261261257
1954-02-01,,,26.99,-0.4775704873821396,1.5043249341857745
1954-03-01,,,26.93,-0.4775704873821396,1.1265490048817162
1954-04-01,,2848.305,26.86,-0.368680358676321,0.6369426751592355
1954-05-01,,,26.93,0.1094126512375837,0.8614232209737782
1954-06-01,,,26.94,0.1094126512375837,0.635039223010847
1954-07-01,0.8,2880.482,26.86,1.2403380861467417,0.26129152668905586
1954-08-01,1.22,,26.85,1.1296894117729606,0.0
1954-09-01,1.07,,26.81,1.1296894117729606,-0.2975083674228385
1954-10-01,0.85,2936.852,26.72,3.108761175506136,-0.8534322820037077
1954-11-01,0.83,,26.78,1.9569641469726173,-0.26070763500931626
1954-12-01,1.28,,26.77,1.9569641469726173,-0.37216226274656705
1955-01-01,1.39,3020.746,26.77,4.869462819069859,-0.6310319227913919
1955-02-01,1.29,,26.82,2.8565961103930393,-0.6298629121896937
1955-03-01,1.35,,26.79,2.8565961103930393,-0.519866320089124
1955-04-01,1.43,3069.91,26.79,4.530633481019808,-0.2606105733432673
1955-05-01,1.43,,26.77,1.627544983921192,-0.5941329372447068
1955-06-01,1.64,,26.71,1.627544983921192,-0.8537490720118779
1955-07-01,1.68,3111.379,26.76,3.000351568784665,-0.37230081906179935
1955-08-01,1.96,,26.72,1.3508213595838425,-0.484171322160154
1955-09-01,2.18,,26.85,1.3508213595838425,0.14919806042521522
1955-10-01,2.24,3130.068,26.82,1.9596014215400581,0.37425149700598404
1955-11-01,2.35,,26.88,0.600666135498118,0.37341299477220424
1955-12-01,2.48,,26.87,0.600666135498118,0.37355248412402897
1956-01-01,2.45,3117.922,26.83,0.2102926065902011,0.22413149047439962
1956-02-01,2.5,,26.86,-0.38804268789048857,0.1491424310216205
1956-03-01,2.5,,26.89,-0.38804268789048857,0.3732736095558131
1956-04-01,2.62,3143.694,26.93,0.435326005697001,0.5225830533781339
1956-05-01,2.75,,27.03,0.8265761619437484,0.9712364587224576
1956-06-01,2.71,,27.15,0.8265761619437484,1.647323099962561
1956-07-01,2.75,3140.874,27.29,0.7361313079672804,1.9805680119581393
1956-08-01,2.73,,27.31,-0.08970338716173254,2.208083832335328
1956-09-01,2.95,,27.35,-0.08970338716173254,1.862197392923659
1956-10-01,2.96,3192.57,27.51,1.5547314719562388,2.572706935123037
1956-11-01,2.88,,27.51,1.645911297301339,2.34375
1956-12-01,2.94,,27.63,1.645911297301339,2.828433196873825
1957-01-01,2.84,3213.011,27.67,2.296717410504212,3.130823704808061
1957-02-01,3.0,,27.8,0.6402678719652055,3.4996276991809516
1957-03-01,2.96,,27.86,0.6402678719652055,3.607288955001864
1957-04-01,3.0,3205.97,27.93,0.41972454793473,3.713330857779429
1957-05-01,3.0,,28.0,-0.21914023948252925,3.588605253422128
1957-06-01,3.0,,28.11,-0.21914023948252925,3.53591160220994
1957-07-01,2.99,3237.386,28.19,0.7586341907948713,3.2979113228288837
1957-08-01,3.24,,28.28,0.9799218333296889,3.551812522885389
1957-09-01,3.47,,28.32,0.9799218333296889,3.546617915904937
1957-10-01,3.5,3203.894,28.32,-0.06475419295876028,2.944383860414379
1957-11-01,3.28,,28.41,-1.0345383590341206,3.271537622682663
1957-12-01,2.98,,28.47,-1.0345383590341206,3.0401737242128135
1958-01-01,2.72,3120.724,28.64,-3.6035863502220544,3.5056017347307566
1958-02-01,1.67,,28.7,-2.595903609794814,3.237410071942448
1958-03-01,1.2,,28.87,-2.595903609794814,3.6252692031586653
1958-04-01,1.26,3141.224,28.94,-1.9560572228669137,3.6161833154314316
1958-05-01,0.63,,28.94,0.6568988478314663,3.3571428571428585
1958-06-01,0.93,,28.91,0.6568988478314663,2.8459622909996485
1958-07-01,0.68,3213.884,28.89,2.9852047153160477,2.483150053210359
1958-08-01,1.53,,28.94,2.3131110675329136,2.333804809052342
1958-09-01,1.76,,28.91,2.3131110675329136,2.083333333333326
1958-10-01,1.8,3289.032,28.91,4.705426929120615,2.083333333333326
1958-11-01,2.27,,28.95,2.3382300045676763,1.9007391763463444
1958-12-01,2.42,,28.97,2.3382300045676763,1.7562346329469625
1959-01-01,2.48,3352.129,29.01,4.301493146610147,1.2918994413407825
1959-02-01,2.43,,29.0,1.9184063882625502,1.0452961672473782
1959-03-01,2.8,,28.97,1.9184063882625502,0.3463803255975062
1959-04-01,2.96,3427.667,28.98,4.215069965874441,0.13821700069107656
1959-05-01,2.9,,29.04,2.2534335641617664,0.3455425017277136
1959-06-01,3.39,,29.11,2.2534335641617664,0.6918021445866396
1959-07-01,3.47,3430.057,29.15,2.3247315362863397,0.8999653859466772
1959-08-01,3.5,,29.18,0.06972672666276658,0.8293020041465038
1959-09-01,3.76,,29.25,0.06972672666276658,1.1760636457972984
1959-10-01,3.98,3439.832,29.35,0.3549061212772431,1.5219647180906293
1959-11-01,4.0,,29.35,0.28498068690987477,1.3816925734024155
1959-12-01,3.99,,29.41,0.28498068690987477,1.5188125647221273
1960-01-01,3.99,3517.181,29.37,2.5400160988578335,1.2409513960703222
1960-02-01,3.97,,29.41,2.2486272585405365,1.4137931034482687
1960-03-01,3.84,,29.41,2.2486272585405365,1.5188125647221273
1960-04-01,3.92,3498.246,29.54,1.698164328955598,1.9323671497584405
1960-05-01,3.85,,29.57,-0.5383572810156778,1.8250688705234275
1960-06-01,3.32,,29.61,-0.5383572810156778,1.7176228100309165
1960-07-01,3.23,3515.385,29.55,-0.05106362169020606,1.3722126929674117
1960-08-01,2.98,,29.61,0.4899312398270572,1.473612063056895
1960-09-01,2.6,,29.61,0.4899312398270572,1.2307692307692353
1960-10-01,2.47,3470.278,29.75,-0.7994863711700217,1.3628620102214661
1960-11-01,2.44,,29.78,-1.283131150642114,1.4650766609880739
1960-12-01,1.98,,29.81,-1.283131150642114,1.3600816048962905
1961-01-01,1.45,3493.703,29.84,-0.6167745495870403,1.6002723867892366
1961-02-01,2.54,,29.84,0.6750179668602918,1.4620877252635056
1961-03-01,2.02,,29.84,0.6750179668602918,1.4620877252635056
1961-04-01,1.49,3553.021,29.81,2.3843334741481925,0.9140148950575577
1961-05-01,1.98,,29.84,1.6978546831256214,0.9130875887723988
1961-06-01,1.73,,29.84,1.6978546831256214,0.7767646065518496
1961-07-01,1.17,3621.252,29.92,3.650825499477195,1.25211505922167
1961-08-01,2.0,,29.94,1.9203657957552078,1.1144883485309176
1961-09-01,1.88,,29.98,1.9203657957552078,1.249577845322536
1961-10-01,2.26,3692.289,29.98,3.9197066383789947,0.7731092436974896
1961-11-01,2.61,,29.98,1.961669610399941,0.671591672263272
1961-12-01,2.33,,30.01,1.961669610399941,0.6709158000671067
1962-01-01,2.15,3758.147,30.04,3.7803223857384216,0.6702412868632601
1962-02-01,2.37,,30.11,1.7836631964615934,0.9048257372654245
1962-03-01,2.85,,30.17,1.7836631964615934,1.1058981233244003
1962-04-01,2.78,3792.149,30.21,2.7045553584781556,1.3418316001341912
1962-05-01,2.36,,30.24,0.9047543909272315,1.3404825737265424
1962-06-01,2.68,,30.21,0.9047543909272315,1.2399463806970434
1962-07-01,2.71,3838.776,30.22,2.1454456145541867,1.0026737967914423
1962-08-01,2.93,,30.28,1.2295666652338832,1.135604542418167
1962-09-01,2.9,,30.42,1.2295666652338832,1.4676450967311627
1962-10-01,2.9,3851.421,30.38,1.5630187526914252,1.3342228152101399
1962-11-01,2.94,,30.38,0.32940187184664627,1.3342228152101399
1962-12-01,2.93,,30.38,0.32940187184664627,1.2329223592135952
1963-01-01,2.92,3893.482,30.44,1.425089663997059,1.331557922769644
1963-02-01,3.0,,30.48,1.0920904258454156,1.2288276320159497
1963-03-01,2.98,,30.51,1.0920904258454156,1.1269472986410234
1963-04-01,2.9,3937.183,30.48,2.226762537775029,0.893743793445867
1963-05-01,3.0,,30.51,1.122414332466426,0.8928571428571619
1963-06-01,2.99,,30.61,1.122414332466426,1.3240648791790655
1963-07-01,3.02,4023.755,30.69,3.345925318262677,1.5552614162806178
1963-08-01,3.49,,30.75,2.1988309915998316,1.5521796565389767
1963-09-01,3.48,,30.72,2.1988309915998316,0.9861932938855844
1963-10-01,3.5,4050.147,30.75,2.8691579741149997,1.2179065174456882
1963-11-01,3.48,,30.78,0.6559047456915268,1.3166556945358954
1963-12-01,3.38,,30.88,0.6559047456915268,1.6458196181698526
1964-01-01,3.48,4135.553,30.94,2.7784494831320394,1.6425755584756896
1964-02-01,3.48,,30.91,2.108713584963695,1.4107611548556331
1964-03-01,3.43,,30.94,2.108713584963695,1.4093739757456536
1964-04-01,3.47,4180.592,30.95,3.2207472963327044,1.5419947506561726
1964-05-01,3.5,,30.98,1.0890683785215627,1.5404785316289749
1964-06-01,3.5,,31.01,1.0890683785215627,1.3067624959163693
1964-07-01,3.42,4245.918,31.02,2.668687839328854,1.0752688172043001
1964-08-01,3.5,,31.05,1.5626016602433346,0.9756097560975618
1964-09-01,3.45,,31.08,1.5626016602433346,1.171875
1964-10-01,3.36,4259.046,31.12,1.8766241718876309,1.2032520325203189
1964-11-01,3.52,,31.21,0.30919108659188677,1.3970110461338558
1964-12-01,3.85,,31.25,0.30919108659188677,1.1981865284974136
1965-01-01,3.9,4362.111,31.28,2.736581347072642,1.098901098901095
1965-02-01,3.98,,31.28,2.4199081202691763,1.1970236169524417
1965-03-01,4.05,,31.31,2.4199081202691763,1.1958629605688387
1965-04-01,4.09,4417.225,31.38,3.7139537821380575,1.3893376413570246
1965-05-01,4.1,,31.48,1.263470828688229,1.6139444803098701
1965-06-01,4.05,,31.61,1.263470828688229,1.9348597226700903
1965-07-01,4.09,4515.427,31.58,3.5147202810749123,1.8052869116698789
1965-08-01,4.12,,31.55,2.2231604683935924,1.6103059581320522
1965-09-01,4.02,,31.62,2.2231604683935924,1.737451737451745
1965-10-01,4.08,4619.458,31.65,4.578281613456392,1.7030848329048665
1965-11-01,4.1,,31.75,2.303901712949852,1.7302146747837144
1965-12-01,4.32,,31.85,2.303901712949852,1.9200000000000106
1966-01-01,4.42,4731.888,31.88,4.793810197795256,1.9181585677749302
1966-02-01,4.6,,32.08,2.433835311415322,2.5575447570332477
1966-03-01,4.66,,32.18,2.433835311415322,2.7786649632705274
1966-04-01,4.67,4748.046,32.28,2.7836166061040224,2.8680688336520044
1966-05-01,4.9,,32.35,0.3414704659112866,2.763659466327839
1966-06-01,5.17,,32.38,0.3414704659112866,2.4359379943056148
1966-07-01,5.3,4788.254,32.45,1.1911947197397632,2.754908169727699
1966-08-01,5.53,,32.65,0.8468325707038149,3.4865293185419866
1966-09-01,5.4,,32.75,0.8468325707038149,3.5736875395319334
1966-10-01,5.53,4827.537,32.85,1.6741834430416214,3.791469194312813
1966-11-01,5.76,,32.88,0.8204034288907813,3.5590551181102548
1966-12-01,5.4,,32.92,0.8204034288907813,3.3594976452119285
1967-01-01,4.94,4870.299,32.9,1.7134638220946519,3.19949811794229
1967-02-01,5.0,,33.0,0.8857933144789998,2.8678304239401653
1967-03-01,4.53,,33.0,0.8857933144789998,2.5481665630826544
1967-04-01,4.05,4873.287,33.1,0.9476882310793355,2.5402726146220633
1967-05-01,3.94,,33.1,0.06135146938617275,2.3183925811437467
1967-06-01,3.98,,33.3,0.06135146938617275,2.8412600370598895
1967-07-01,3.79,4919.392,33.4,1.0080079272340337,2.9275808936825687
1967-08-01,3.9,,33.5,0.9460760263042101,2.6033690658499253
1967-09-01,3.99,,33.6,0.9460760263042101,2.595419847328251
1967-10-01,3.88,4956.477,33.7,1.7070613735657103,2.5875190258751957
1967-11-01,4.13,,33.9,0.7538533217112953,3.10218978102188
1967-12-01,4.51,,34.0,0.7538533217112953,3.280680437424044
1968-01-01,4.61,5057.553,34.1,2.808497472858429,3.647416413373872
1968-02-01,4.71,,34.2,2.0392710386833324,3.6363636363636376
1968-03-01,5.05,,34.3,2.0392710386833324,3.9393939393939315
1968-04-01,5.76,5142.033,34.4,3.7437074760964473,3.92749244712991
1968-05-01,6.12,,34.5,1.6703730044944853,4.229607250755274
1968-06-01,6.07,,34.7,1.6703730044944853,4.2042042042042205
1968-07-01,6.03,5181.859,34.9,2.4578289144967957,4.491017964071853
1968-08-01,6.03,,35.0,0.7745185610438465,4.477611940298498
1968-09-01,5.78,,35.1,0.7745185610438465,4.464285714285721
1968-10-01,5.91,5202.212,35.3,1.1703347683688525,4.7477744807121525
1968-11-01,5.82,,35.4,0.39277409902507276,4.424778761061954
1968-12-01,6.02,,35.6,0.39277409902507276,4.705882352941182
1969-01-01,6.3,5283.597,35.7,1.963349446598217,4.692082111436946
1969-02-01,6.61,,35.8,1.5644306691076748,4.678362573099393
1969-03-01,6.79,,36.1,1.5644306691076748,5.247813411078739
1969-04-01,7.41,5299.625,36.3,1.8725303774625113,5.523255813953476
1969-05-01,8.67,,36.4,0.3033539461847701,5.507246376811592
1969-06-01,8.9,,36.6,0.3033539461847701,5.475504322766556
1969-07-01,8.61,5334.6,36.8,0.9653082928164469,5.4441260744985565
1969-08-01,9.19,,36.9,0.6599523551194642,5.428571428571427
1969-09-01,9.15,,37.1,0.6599523551194642,5.698005698005693
1969-10-01,9.0,5308.556,37.3,0.1685213576432254,5.665722379603411
1969-11-01,8.85,,37.5,-0.48820905035055207,5.932203389830515
1969-12-01,8.97,,37.7,-0.48820905035055207,5.89887640449438
1970-01-01,8.98,5300.652,37.9,-0.6363738612079728,6.162464985994376
1970-02-01,8.98,,38.1,-0.1488917136788115,6.424581005586605
1970-03-01,7.76,,38.3,-0.1488917136788115,6.094182825484751
1970-04-01,8.1,5308.164,38.5,-0.007384305637914146,6.060606060606077
1970-05-01,7.95,,38.6,0.14171841501762206,6.043956043956045
1970-06-01,7.61,,38.8,0.14171841501762206,6.010928961748618
1970-07-01,7.21,5357.077,38.9,1.0644916889469558,5.7065217391304435
1970-08-01,6.62,,39.0,0.9214673849564647,5.691056910569103
1970-09-01,6.29,,39.2,0.9214673849564647,5.660377358490565
1970-10-01,6.2,5299.672,39.4,-0.1599799855467987,5.630026809651478
1970-11-01,5.6,,39.6,-1.0715731732062195,5.600000000000005
1970-12-01,4.9,,39.8,-1.0715731732062195,5.570291777188308
1971-01-01,4.14,5443.619,39.9,1.615470526184315,5.277044854881274
1971-02-01,3.72,,39.9,2.716149225838893,4.724409448818889
1971-03-01,3.71,,40.0,2.716149225838893,4.438642297650142
1971-04-01,4.16,5473.059,40.1,3.2716553024413786,4.155844155844157
1971-05-01,4.63,,40.3,0.5408166883097643,4.404145077720201
1971-06-01,4.91,,40.5,0.5408166883097643,4.381443298969079
1971-07-01,5.31,5518.072,40.6,1.3677114434349713,4.370179948586128
1971-08-01,5.57,,40.7,0.8224468254407702,4.358974358974366
1971-09-01,5.55,,40.8,0.8224468254407702,4.081632653061207
1971-10-01,5.2,5531.032,40.9,1.0592431033540795,3.8071065989847774
1971-11-01,4.91,,41.0,0.234864641128274,3.535353535353525
1971-12-01,4.14,,41.1,0.234864641128274,3.266331658291466
1972-01-01,3.51,5632.649,41.2,2.076395523653929,3.2581453634085378
1972-02-01,3.3,,41.4,1.8372159119672382,3.759398496240607
1972-03-01,3.83,,41.4,1.8372159119672382,3.499999999999992
1972-04-01,4.17,5760.47,41.5,4.148195128865639,3.4912718204488824
1972-05-01,4.27,,41.6,2.2692875057543915,3.2258064516129226
1972-06-01,4.46,,41.7,2.2692875057543915,2.9629629629629672
1972-07-01,4.55,5814.854,41.8,3.2348012453820463,2.9556650246305383
1972-08-01,4.81,,41.9,0.9440896315751957,2.9484029484029284
1972-09-01,4.87,,42.1,0.9440896315751957,3.1862745098039325
1972-10-01,5.05,5912.22,42.2,2.6343336568023012,3.1784841075794823
1972-11-01,5.06,,42.4,1.6744358499800605,3.4146341463414664
1972-12-01,5.33,,42.5,1.6744358499800605,3.406326034063256
1973-01-01,5.94,6058.544,42.7,4.190818892443371,3.6407766990291357
1973-02-01,6.58,,43.0,2.4749417308557398,3.864734299516903
1973-03-01,7.09,,43.4,2.4749417308557398,4.8309178743961345
1973-04-01,7.12,6124.506,43.7,3.5906309305134165,5.301204819277117
1973-05-01,7.84,,43.9,1.0887434340660196,5.528846153846145
1973-06-01,8.49,,44.2,1.0887434340660196,5.995203836930463
1973-07-01,10.4,6092.301,44.2,0.5571800749487155,5.741626794258381
1973-08-01,10.5,,45.0,-0.5258383288382795,7.398568019093088
1973-09-01,10.78,,45.2,-0.5258383288382795,7.3634204275534465
1973-10-01,10.01,6150.131,45.6,0.41840109226769506,8.056872037914697
1973-11-01,10.03,,45.9,0.9492308406954919,8.25471698113207
1973-12-01,9.95,,46.3,0.9492308406954919,8.94117647058823
1974-01-01,9.65,6097.258,46.8,0.08136498836810446,9.601873536299754
1974-02-01,8.97,,47.3,-0.8597052648146919,9.999999999999986
1974-03-01,9.35,,47.8,-0.8597052648146919,10.138248847926267
1974-04-01,10.51,6111.751,48.1,-0.6240517478408147,10.068649885583515
1974-05-01,11.31,,48.6,0.23769701068907523,10.70615034168565
1974-06-01,11.93,,49.0,0.23769701068907523,10.859728506787313
1974-07-01,12.92,6053.978,49.3,-0.7098272698973784,11.538461538461519
1974-08-01,12.01,,49.9,-0.9452773845007756,10.888888888888882
1974-09-01,11.34,,50.6,-0.9452773845007756,11.946902654867241
1974-10-01,10.06,6030.464,51.0,-1.3300116447806931,11.842105263157897
1974-11-01,9.45,,51.5,-0.38840577220465855,12.200435729847502
1974-12-01,8.53,,51.9,-0.38840577220465855,12.095032397408211
1975-01-01,7.13,5957.035,52.3,-1.6013107414661887,11.752136752136755
1975-02-01,6.24,,52.6,-1.2176343312886084,11.205073995771686
1975-03-01,5.54,,52.8,-1.2176343312886084,10.460251046025103
1975-04-01,5.49,5999.61,53.0,-0.5116355889032809,10.187110187110182
1975-05-01,5.22,,53.1,0.7147011894339972,9.259259259259256
1975-06-01,5.55,,53.5,0.7147011894339972,9.183673469387754
1975-07-01,6.1,6102.326,54.0,2.438981808903251,9.533468559837743
1975-08-01,6.14,,54.2,1.712044616233399,8.617234468937895
1975-09-01,6.24,,54.6,1.712044616233399,7.905138339920947
1975-10-01,5.82,6184.53,54.9,3.08220034302229,7.647058823529407
1975-11-01,5.22,,55.3,1.3470928953975836,7.37864077669903
1975-12-01,5.2,,55.6,1.3470928953975836,7.129094412331405
1976-01-01,4.87,6323.649,55.8,3.626862937181663,6.692160611854692
1976-02-01,4.77,,55.9,2.249467623247048,6.273764258555126
1976-03-01,4.84,,56.0,2.249467623247048,6.060606060606055
1976-04-01,4.82,6370.025,56.1,2.99933867246176,5.849056603773595
1976-05-01,5.29,,56.4,0.7333740376798126,6.214689265536721
1976-06-01,5.48,,56.7,0.7333740376798126,5.981308411214958
1976-07-01,5.31,6404.895,57.0,1.284796167529234,5.555555555555558
1976-08-01,5.29,,57.3,0.5474075847426096,5.719557195571956
1976-09-01,5.25,,57.6,0.5474075847426096,5.494505494505497
1976-10-01,5.02,6451.177,57.9,1.2739667426737045,5.464480874316946
1976-11-01,4.95,,58.1,0.7226035711748402,5.063291139240511
1976-12-01,4.65,,58.4,0.7226035711748402,5.035971223021574
1977-01-01,4.61,6527.703,58.7,1.9174084821062642,5.197132616487465
1977-02-01,4.68,,59.3,1.1862331478426524,6.082289803220031
1977-03-01,4.69,,59.6,1.1862331478426524,6.428571428571428
1977-04-01,4.73,6654.466,60.0,3.1511924103152067,6.951871657754016
1977-05-01,5.35,,60.2,1.9419235219494402,6.737588652482285
1977-06-01,5.39,,60.5,1.9419235219494402,6.701940035273357
1977-07-01,5.42,6774.457,60.8,3.780104578900101,6.666666666666665
1977-08-01,5.9,,61.1,1.8031649722156429,6.631762652705064
1977-09-01,6.14,,61.3,1.8031649722156429,6.423611111111094
1977-10-01,6.47,6774.592,61.6,1.8051936849628358,6.390328151986191
1977-11-01,6.51,,62.0,0.001992779642701059,6.712564543889843
1977-12-01,6.56,,62.3,0.001992779642701059,6.67808219178081
1978-01-01,6.7,6796.26,62.7,0.3218412929626657,6.814310051107331
1978-02-01,6.78,,63.0,0.319842139570925,6.2394603709949426
1978-03-01,6.79,,63.4,0.319842139570925,6.375838926174482
1978-04-01,6.89,7058.92,63.9,4.1969759950119645,6.499999999999995
1978-05-01,7.36,,64.5,3.864772683799611,7.14285714285714
1978-06-01,7.6,,65.0,3.864772683799611,7.438016528925617
1978-07-01,7.81,7129.915,65.5,4.909391341708513,7.7302631578947345
1978-08-01,8.04,,65.9,1.0057487547670219,7.855973813420625
1978-09-01,8.45,,66.5,1.0057487547670219,8.482871125611746
1978-10-01,8.96,7225.75,67.1,2.363392700299771,8.92857142857142
1978-11-01,9.76,,67.5,1.3441254208500286,8.870967741935477
1978-12-01,10.03,,67.9,1.3441254208500286,8.988764044943842
1979-01-01,10.07,7238.727,68.5,1.5261332007464379,9.250398724082931
1979-02-01,10.06,,69.2,0.17959381379095696,9.84126984126985
1979-03-01,10.09,,69.9,0.17959381379095696,10.252365930599371
1979-04-01,10.01,7246.454,70.6,0.2865308099505137,10.485133020344284
1979-05-01,10.24,,71.4,0.10674528822540719,10.697674418604652
1979-06-01,10.29,,72.2,0.10674528822540719,11.076923076923073
1979-07-01,10.47,7300.281,73.0,0.8503428848746442,11.45038167938932
1979-08-01,10.94,,73.7,0.7428046876444716,11.836115326251884
1979-09-01,11.43,,74.4,0.7428046876444716,11.879699248120312
1979-10-01,13.77,7318.535,75.2,0.9947072043788641,12.071535022354718
1979-11-01,13.18,,76.0,0.2500451694941619,12.592592592592599
1979-12-01,13.78,,76.9,0.2500451694941619,13.254786450662737
1980-01-01,13.82,7341.557,78.0,0.5654028933954613,13.868613138686126
1980-02-01,14.13,,79.0,0.31457115392630186,14.161849710982644
1980-03-01,17.19,,80.1,0.31457115392630186,14.592274678111572
1980-04-01,17.61,7190.289,80.9,-1.7523452439593412,14.589235127478762
1980-05-01,10.98,,81.7,-2.0604348641575676,14.425770308123242
1980-06-01,9.47,,82.5,-2.0604348641575676,14.265927977839322
1980-07-01,9.03,7181.743,82.6,-2.176840689243431,13.15068493150684
1980-08-01,9.61,,83.2,-0.11885474978821087,12.890094979647216
1980-09-01,10.87,,83.9,-0.11885474978821087,12.768817204301076
1980-10-01,12.81,7315.677,84.7,1.7438520204125396,12.632978723404253
1980-11-01,15.85,,85.6,1.8649233201466497,12.631578947368416
1980-12-01,18.9,,86.4,1.8649233201466497,12.353706111833551
1981-01-01,19.08,7459.022,87.2,3.8608872525792037,11.794871794871797
1981-02-01,15.93,,88.0,1.9594222106853687,11.392405063291132
1981-03-01,14.7,,88.6,1.9594222106853687,10.611735330836458
1981-04-01,15.72,7403.745,89.1,1.2038257019822085,10.135970333745359
1981-05-01,18.52,,89.7,-0.7410757067079277,9.79192166462668
1981-06-01,19.1,,90.5,-0.7410757067079277,9.696969696969692
1981-07-01,19.04,7492.405,91.5,0.4475519712906051,10.774818401937058
1981-08-01,17.82,,92.2,1.197502074963408,10.817307692307686
1981-09-01,15.87,,93.1,1.197502074963408,10.96543504171632
1981-10-01,15.08,7410.768,93.4,0.0948573998699409,10.271546635182993
1981-11-01,13.31,,93.8,-1.0895967316235544,9.579439252336464
1981-12-01,12.37,,94.1,-1.0895967316235544,8.912037037037024
1982-01-01,13.22,7295.631,94.4,-2.6263129128764273,8.25688073394495
1982-02-01,14.78,,94.7,-1.5536446424985861,7.613636363636367
1982-03-01,14.68,,94.7,-1.5536446424985861,6.884875846501148
1982-04-01,14.94,7328.912,95.0,-1.1045548855395215,6.621773288439958
1982-05-01,14.45,,95.9,0.45617712847594305,6.911928651059096
1982-06-01,14.15,,97.0,0.45617712847594305,7.182320441988943
1982-07-01,12.59,7300.896,97.5,0.0721664788144949,6.557377049180335
1982-08-01,10.12,,97.7,-0.3822668357868153,5.965292841648595
1982-09-01,10.31,,97.7,-0.3822668357868153,4.940923737916236
1982-10-01,9.71,7303.817,98.1,-0.3424109881521309,5.032119914346889
1982-11-01,9.2,,98.0,0.04000878796246443,4.47761194029852
1982-12-01,8.95,,97.7,0.04000878796246443,3.825717321997879
1983-01-01,8.68,7400.066,97.9,1.3583264300710551,3.7076271186440746
1983-02-01,8.51,,98.0,1.3177904101375981,3.484688489968324
1983-03-01,8.77,,98.1,1.3177904101375981,3.5902851108764455
1983-04-01,8.8,7568.456,98.8,3.623297243071666,4.0000000000000036
1983-05-01,8.63,,99.2,2.2755202453599743,3.44108446298228
1983-06-01,8.98,,99.4,2.2755202453599743,2.4742268041237248
1983-07-01,9.37,7719.746,99.8,4.319961470613909,2.358974358974364
1983-08-01,9.56,,100.1,1.9989546084432597,2.456499488229258
1983-09-01,9.45,,100.4,1.9989546084432597,2.763561924257929
1983-10-01,9.48,7880.794,100.8,4.126839080520517,2.752293577981657
1983-11-01,9.34,,101.1,2.0861826282885465,3.1632653061224536
1983-12-01,9.47,,101.4,2.0861826282885465,3.7871033776867957
1984-01-01,9.56,8034.847,102.1,4.081753467018201,4.290091930541351
1984-02-01,9.59,,102.6,1.9547903421914148,4.693877551020398
1984-03-01,9.91,,102.9,1.9547903421914148,4.892966360856277
1984-04-01,10.29,8173.67,103.3,3.7163260453197955,4.5546558704453455
1984-05-01,10.32,,103.5,1.72776158649941,4.3346774193548265
1984-06-01,11.06,,103.7,1.72776158649941,4.325955734406439
1984-07-01,11.23,8252.465,104.1,2.7084274286741206,4.308617234468937
1984-08-01,11.64,,104.4,0.9640100468944812,4.295704295704317
1984-09-01,11.3,,104.7,0.9640100468944812,4.2828685258964105
1984-10-01,9.99,8320.199,105.1,1.7926953253556865,4.265873015873023
1984-11-01,9.43,,105.3,0.8207729448110435,4.154302670623156
1984-12-01,8.38,,105.5,0.8207729448110435,4.043392504930954
1985-01-01,8.35,8400.82,105.7,1.7977052916916314,3.52595494613126
1985-02-01,8.5,,106.3,0.9689792275400899,3.6062378167641462
1985-03-01,8.58,,106.8,0.9689792275400899,3.790087463556846
1985-04-01,8.27,8474.787,107.0,1.8579844063825846,3.581800580832528
1985-05-01,7.97,,107.2,0.8804735728179081,3.5748792270531515
1985-06-01,7.53,,107.5,0.8804735728179081,3.6644165863066513
1985-07-01,7.88,8604.22,107.7,2.421192216950252,3.458213256484166
1985-08-01,7.9,,107.9,1.5272714228687922,3.3524904214559337
1985-09-01,7.92,,108.1,1.5272714228687922,3.2473734479465
1985-10-01,7.99,8668.188,108.5,2.282075053921706,3.2350142721217834
1985-11-01,8.05,,109.0,0.7434491447220193,3.5137701804368593
1985-12-01,8.27,,109.5,0.7434491447220193,3.791469194312791
1986-01-01,8.14,8749.127,109.9,1.6841387133290642,3.9735099337748325
1986-02-01,7.86,,109.7,0.9337476298391323,3.19849482596426
1986-03-01,7.48,,109.1,0.9337476298391323,2.1535580524344455
1986-04-01,6.99,8788.524,108.7,1.388248616665888,1.5887850467289688
1986-05-01,6.85,,109.0,0.4502963552820649,1.679104477611948
1986-06-01,6.92,,109.4,0.4502963552820649,1.7674418604651132
1986-07-01,6.56,8872.601,109.5,1.4112722332182415,1.671309192200554
1986-08-01,6.17,,109.6,0.9566680366350555,1.575532900834098
1986-09-01,5.89,,110.0,0.9566680366350555,1.757631822386685
1986-10-01,5.85,8920.193,110.2,1.4981924154727322,1.5668202764977046
1986-11-01,6.04,,110.4,0.5363928796076722,1.2844036697247763
1986-12-01,6.91,,110.8,0.5363928796076722,1.187214611872145
1987-01-01,6.43,8986.367,111.4,1.2822170184368709,1.364877161055511
1987-02-01,6.1,,111.8,0.7418449354178902,1.9143117593436676
1987-03-01,6.13,,112.2,0.7418449354178902,2.8414298808432603
1987-04-01,6.37,9083.256,112.7,1.828020985644585,3.679852805887762
1987-05-01,6.85,,113.0,1.0781776439800383,3.669724770642202
1987-06-01,6.73,,113.5,1.0781776439800383,3.7477148080438782
1987-07-01,6.58,9162.024,113.8,1.9547053887293941,3.926940639269394
1987-08-01,6.73,,114.3,0.8671780251486849,4.2883211678832245
1987-09-01,7.22,,114.7,0.8671780251486849,4.2727272727272725
1987-10-01,7.29,9319.332,115.0,2.5990239623324696,4.355716878402904
1987-11-01,6.69,,115.4,1.7169568645530875,4.528985507246386
1987-12-01,6.77,,115.6,1.7169568645530875,4.332129963898912
1988-01-01,6.83,9367.502,116.0,2.2427140553222813,4.129263913824044
1988-02-01,6.58,,116.2,0.5168825405082789,3.9355992844364973
1988-03-01,6.58,,116.5,0.5168825405082789,3.832442067736186
1988-04-01,6.87,9490.594,117.2,1.837706822763674,3.9929015084294583
1988-05-01,7.09,,117.5,1.3140322788294911,3.9823008849557473
1988-06-01,7.51,,118.0,1.3140322788294911,3.96475770925111
1988-07-01,7.75,9546.206,118.5,1.9077017544271602,4.130052724077338
1988-08-01,8.01,,119.0,0.5859696453140995,4.111986001749779
1988-09-01,8.19,,119.5,0.5859696453140995,4.184829991281602
1988-10-01,8.3,9673.405,119.9,1.9262334897057087,4.260869565217407
1988-11-01,8.35,,120.3,1.332456056364184,4.246100519930662
1988-12-01,8.76,,120.7,1.332456056364184,4.4117647058823595
1989-01-01,9.12,9771.725,121.2,2.362394023342884,4.482758620689653
1989-02-01,9.36,,121.6,1.016394950898869,4.647160068846801
1989-03-01,9.85,,122.2,1.016394950898869,4.892703862660941
1989-04-01,9.84,9846.293,123.1,1.7872507147173033,5.034129692832767
1989-05-01,9.81,,123.7,0.7630996574299775,5.276595744680845
1989-06-01,9.53,,124.1,0.7630996574299775,5.1694915254237195
1989-07-01,9.24,9919.228,124.5,1.5094878335196515,5.063291139240511
1989-08-01,8.99,,124.5,0.7407356250722863,4.621848739495804
1989-09-01,9.02,,124.8,0.7407356250722863,4.435146443514637
1989-10-01,8.84,9938.767,125.4,0.9391757893046693,4.587155963302747
1989-11-01,8.55,,125.9,0.19698105538052957,4.655029093931851
1989-12-01,8.45,,126.3,0.19698105538052957,4.639602319801162
1990-01-01,8.23,10047.386,127.5,1.2920158705899354,5.198019801980203
1990-02-01,8.24,,128.0,1.0928820446238552,5.263157894736836
1990-03-01,8.28,,128.6,1.0928820446238552,5.237315875613735
1990-04-01,8.26,10083.855,128.9,1.4598189091262537,4.711616571892785
1990-05-01,8.18,,129.1,0.36297003021481533,4.365400161681476
1990-06-01,8.29,,129.9,0.36297003021481533,4.673650282030639
1990-07-01,8.15,10090.569,130.5,0.4297933810843757,4.819277108433728
1990-08-01,8.13,,131.6,0.06658167932800385,5.702811244979911
1990-09-01,8.2,,132.5,0.06658167932800385,6.169871794871806
1990-10-01,8.11,9998.704,133.4,-0.8444290402827126,6.379585326953752
1990-11-01,7.81,,133.7,-0.9104045569679919,6.195393169181873
1990-12-01,7.31,,134.2,-0.9104045569679919,6.254948535233562
1991-01-01,6.91,9951.916,134.7,-1.3740850491186452,5.647058823529405
1991-02-01,6.25,,134.8,-0.4679406451076118,5.312500000000009
1991-03-01,6.12,,134.8,-0.4679406451076118,4.821150855365497
1991-04-01,5.91,10029.51,135.1,0.3080999297508935,4.809930178432875
1991-05-01,5.78,,135.6,0.7796890568610104,5.034856700232382
1991-06-01,5.9,,136.0,0.7796890568610104,4.695919938414161
1991-07-01,5.82,10080.195,136.2,1.2889879697537632,4.367816091954024
1991-08-01,5.66,,136.6,0.5053586865160886,3.7993920972644313
1991-09-01,5.45,,137.0,0.5053586865160886,3.396226415094339
1991-10-01,5.21,10115.329,137.2,0.855664932783351,2.8485757121439192
1991-11-01,4.81,,137.8,0.34854484461859236,3.0665669409125185
1991-12-01,4.43,,138.2,0.34854484461859236,2.980625931445613
1992-01-01,4.03,10236.435,138.3,1.5499700154609997,2.672605790645899
1992-02-01,4.06,,138.6,1.1972522099874316,2.8189910979228294
1992-03-01,3.98,,139.1,1.1972522099874316,3.189910979228472
1992-04-01,3.73,10347.429,139.4,2.294537330421975,3.1828275351591495
1992-05-01,3.82,,139.7,1.0843032755055937,3.0235988200590036
1992-06-01,3.76,,140.1,1.0843032755055937,3.0147058823529305
1992-07-01,3.25,10449.673,140.5,2.083127573222532,3.1571218795888534
1992-08-01,3.3,,140.8,0.9881101865980568,3.0746705710102518
1992-09-01,3.22,,141.1,0.9881101865980568,2.9927007299270114
1992-10-01,3.1,10558.648,141.7,2.0412703484121497,3.279883381924198
1992-11-01,3.09,,142.1,1.0428555994048683,3.1204644412191396
1992-12-01,2.92,,142.3,1.0428555994048683,2.966714905933454
1993-01-01,3.02,10576.275,142.8,1.211540303701364,3.2537960954446943
1993-02-01,3.03,,143.1,0.16694372234020705,3.2467532467532534
1993-03-01,3.07,,143.3,0.16694372234020705,3.0194104960460155
1993-04-01,2.96,10637.847,143.8,0.7500865641131282,3.1563845050215145
1993-05-01,3.0,,144.2,0.5821709439287392,3.2211882605583497
1993-06-01,3.04,,144.3,0.5821709439287392,2.9978586723768963
1993-07-01,3.06,10688.606,144.5,1.0621036234401915,2.8469750889679624
1993-08-01,3.03,,144.8,0.477154822775705,2.840909090909083
1993-09-01,3.09,,145.0,0.477154822775705,2.7639971651311157
1993-10-01,2.99,10833.987,145.6,1.843794143683386,2.752293577981657
1993-11-01,3.02,,146.0,1.360149302911906,2.7445460942997935
1993-12-01,2.96,,146.3,1.360149302911906,2.8109627547435068
1994-01-01,3.05,10939.116,146.3,2.34371067658401,2.450980392156854
1994-02-01,3.25,,146.7,0.9703629882517051,2.515723270440251
1994-03-01,3.34,,147.1,0.9703629882517051,2.6517794836008246
1994-04-01,3.56,11087.361,147.2,2.338695809769775,2.364394993045882
1994-05-01,4.01,,147.5,1.355182630845131,2.288488210818307
1994-06-01,4.25,,147.9,1.355182630845131,2.494802494802495
1994-07-01,4.26,11152.176,148.4,1.947689374534467,2.69896193771626
1994-08-01,4.47,,149.0,0.5845845553328566,2.900552486187835
1994-09-01,4.73,,149.3,0.5845845553328566,2.965517241379323
1994-10-01,4.76,11279.932,149.4,1.736851537529982,2.609890109890123
1994-11-01,5.29,,149.8,1.1455701559946796,2.602739726027403
1994-12-01,5.45,,150.1,1.1455701559946796,2.597402597402576
1995-01-01,5.53,11319.951,150.5,1.50441492315041,2.8708133971291794
1995-02-01,5.92,,150.9,0.3547805075420518,2.862985685071595
1995-03-01,5.98,,151.2,0.3547805075420518,2.7872195785180187
1995-04-01,6.05,11353.721,151.8,0.6541617449466797,3.125000000000022
1995-05-01,6.01,,152.1,0.298322846097121,3.1186440677966054
1995-06-01,6.0,,152.4,0.298322846097121,3.0425963488843744
1995-07-01,5.85,11450.31,152.6,1.1515862568663104,2.8301886792452713
1995-08-01,5.74,,152.9,0.8507255022384363,2.6174496644295386
1995-09-01,5.8,,153.1,0.8507255022384363,2.54521098459477
1995-10-01,5.76,11528.067,153.5,1.535584677481494,2.7443105756358666
1995-11-01,5.8,,153.7,0.6790820510536255,2.603471295060067
1995-12-01,5.6,,153.9,0.6790820510536255,2.5316455696202667
1996-01-01,5.56,11614.418,154.7,1.4332188386166012,2.7906976744185963
1996-02-01,5.22,,155.0,0.7490501226268043,2.717031146454607
1996-03-01,5.31,,155.5,0.7490501226268043,2.8439153439153486
1996-04-01,5.22,11808.14,156.1,2.4294879618586673,2.832674571805005
1996-05-01,5.24,,156.4,1.6679441018912833,2.827087442472065
1996-06-01,5.27,,156.7,1.6679441018912833,2.8215223097112663
1996-07-01,5.4,11914.063,157.0,2.579939864399572,2.8833551769331667
1996-08-01,5.22,,157.2,0.8970337411311258,2.8122956180510084
1996-09-01,5.3,,157.7,0.8970337411311258,3.0045721750489918
1996-10-01,5.24,12037.775,158.2,1.944717796367601,3.0618892508143203
1996-11-01,5.31,,158.7,1.0383695301930063,3.2530904359141077
1996-12-01,5.29,,159.1,1.0383695301930063,3.378817413905133
1997-01-01,5.25,12115.472,159.4,1.6905148142996929,3.0381383322559907
1997-02-01,5.19,,159.7,0.6454431985977394,3.0322580645161246
1997-03-01,5.39,,159.8,0.6454431985977394,2.7652733118971096
1997-04-01,5.51,12317.221,159.9,2.32140906438274,2.434336963484962
1997-05-01,5.5,,159.9,1.665217830555843,2.237851662404089
1997-06-01,5.56,,160.2,1.665217830555843,2.233567326100827
1997-07-01,5.52,12471.01,160.4,2.934578198851856,2.165605095541401
1997-08-01,5.54,,160.8,1.2485689750959317,2.2900763358778775
1997-09-01,5.54,,161.2,1.2485689750959317,2.21940393151554
1997-10-01,5.5,12577.495,161.5,2.113090282296648,2.0859671302149163
1997-11-01,5.52,,161.7,0.8538602727445443,1.8903591682419618
1997-12-01,5.5,,161.8,0.8538602727445443,1.6970458830924073
1998-01-01,5.56,12703.742,162.0,1.866184054058162,1.6311166875784044
1998-02-01,5.51,,162.0,1.0037531320823412,1.440200375704448
1998-03-01,5.49,,162.0,1.0037531320823412,1.3767209011263937
1998-04-01,5.45,12821.339,162.2,1.938732633167417,1.4383989993745905
1998-05-01,5.49,,162.6,0.9256878799962953,1.6885553470919357
1998-06-01,5.56,,162.8,0.9256878799962953,1.6229712858926382
1998-07-01,5.54,12982.752,163.2,2.196282008875805,1.74563591022443
1998-08-01,5.55,,163.4,1.258940271371034,1.6169154228855787
1998-09-01,5.51,,163.5,1.258940271371034,1.4267990074441794
1998-10-01,5.07,13191.67,163.9,2.8883956660064936,1.4860681114551078
1998-11-01,4.83,,164.1,1.609196570958149,1.4842300556586308
1998-12-01,4.68,,164.4,1.609196570958149,1.606922126081578
1999-01-01,4.63,13315.597,164.7,2.5637476553507232,1.6666666666666607
1999-02-01,4.76,,164.7,0.9394337487217186,1.6666666666666607
1999-03-01,4.81,,164.8,0.9394337487217186,1.7283950617283939
1999-04-01,4.74,13426.748,165.9,1.7820185010692269,2.281134401972884
1999-05-01,4.74,,166.0,0.8347428958686454,2.091020910209096
1999-06-01,4.76,,166.0,0.8347428958686454,1.9656019656019597
1999-07-01,4.99,13604.771,166.7,2.1716938414402476,2.1446078431372584
1999-08-01,5.07,,167.1,1.3258832295057754,2.2643818849449104
1999-09-01,5.22,,167.8,1.3258832295057754,2.629969418960254
1999-10-01,5.2,13827.98,168.1,2.988303645826962,2.56253813300793
1999-11-01,5.42,,168.4,1.6406670865683814,2.6203534430225606
1999-12-01,5.3,,168.8,1.6406670865683814,2.676399026763998
2000-01-01,5.45,13878.147,169.3,2.009412727343962,2.792956891317555
2000-02-01,5.73,,170.0,0.36279340872638066,3.2179720704310855
2000-03-01,5.85,,171.0,0.36279340872638066,3.762135922330101
2000-04-01,6.02,14130.908,170.9,2.1906887340016334,3.013863773357439
2000-05-01,6.27,,171.2,1.8212878131352639,3.1325301204819134
2000-06-01,6.53,,172.2,1.8212878131352639,3.7349397590361377
2000-07-01,6.54,14145.312,172.7,1.9250768852642874,3.5992801439711952
2000-08-01,6.5,,172.7,0.10193258635609048,3.3512866546977715
2000-09-01,6.52,,173.6,0.10193258635609048,3.45649582836709
2000-10-01,6.51,14229.765,173.9,0.6995799562207861,3.4503271861986873
2000-11-01,6.51,,174.2,0.5970387927816567,3.444180522565321
2000-12-01,6.4,,174.6,0.5970387927816567,3.4360189573459543
2001-01-01,5.98,14183.12,175.6,0.2672828990976095,3.7212049616065945
2001-02-01,5.49,,176.0,-0.3277988076401672,3.529411764705892
2001-03-01,5.31,,176.1,-0.3277988076401672,2.9824561403508643
2001-04-01,4.8,14271.694,176.4,0.29465700944464324,3.2182562902282053
2001-05-01,4.21,,177.3,0.624502930243831,3.5630841121495394
2001-06-01,3.97,,177.7,0.624502930243831,3.193960511033689
2001-07-01,3.77,14214.516,177.4,0.2213617314102967,2.7214823393167498
2001-08-01,3.65,,177.4,-0.40063919531907466,2.7214823393167498
2001-09-01,3.07,,178.1,-0.40063919531907466,2.5921658986175045
2001-10-01,2.49,14253.574,177.6,-0.1269646056032192,2.127659574468077
2001-11-01,2.09,,177.5,0.2747754478590769,1.894374282433997
2001-12-01,1.82,,177.4,0.2747754478590769,1.603665521191311
2002-01-01,1.73,14372.785,177.7,1.1134322125354146,1.1958997722095743
2002-02-01,1.74,,178.0,0.8363586564324121,1.1363636363636465
2002-03-01,1.73,,178.5,0.8363586564324121,1.3628620102214661
2002-04-01,1.75,14460.848,179.3,1.4541896649920893,1.643990929705219
2002-05-01,1.75,,179.5,0.6127065840058066,1.2408347433727984
2002-06-01,1.75,,179.6,0.6127065840058066,1.0692177827799743
2002-07-01,1.73,14519.633,180.0,1.0217087363374677,1.465614430665152
2002-08-01,1.74,,180.5,0.4065114300350947,1.747463359639223
2002-09-01,1.75,,180.8,0.4065114300350947,1.516002245929271
2002-10-01,1.75,14537.58,181.2,0.5306189512537474,2.0270270270270174
2002-11-01,1.34,,181.5,0.12360505255195608,2.2535211267605604
2002-12-01,1.24,,181.8,0.12360505255195608,2.4802705749718212
2003-01-01,1.24,14614.141,182.6,0.6508979944603199,2.757456387169399
2003-02-01,1.26,,183.6,0.5266419858050542,3.146067415730336
2003-03-01,1.25,,183.9,0.5266419858050542,3.025210084033625
2003-04-01,1.26,14743.567,183.2,1.4169277142412895,2.175125488008911
2003-05-01,1.26,,182.9,0.885621672871495,1.8941504178273005
2003-06-01,1.22,,183.1,0.885621672871495,1.948775055679297
2003-07-01,1.01,14988.782,183.7,2.563551289124688,2.055555555555544
2003-08-01,1.03,,184.5,1.663199956971062,2.216066481994461
2003-09-01,1.01,,185.1,1.663199956971062,2.378318584070782
2003-10-01,1.01,15162.76,184.9,2.8432264729424173,2.041942604856528
2003-11-01,1.0,,185.0,1.160721398176312,1.9283746556473913
2003-12-01,0.98,,185.5,1.160721398176312,2.0352035203520247
2004-01-01,1.0,15248.68,186.3,1.7339500968124089,2.026286966046009
2004-02-01,1.01,,186.7,0.5666514539569345,1.688453159041381
2004-03-01,1.0,,187.1,0.5666514539569345,1.7400761283306032
2004-04-01,1.0,15366.85,187.4,1.3459950563090128,2.2925764192139875
2004-05-01,1.0,,188.2,0.7749523237421174,2.8977583378895444
2004-06-01,1.03,,188.9,0.7749523237421174,3.1676679410158393
2004-07-01,1.26,15512.619,189.1,1.7308973629192925,2.939575394665228
2004-08-01,1.43,,189.2,0.9485938887930923,2.5474254742547275
2004-09-01,1.61,,189.8,0.9485938887930923,2.5391680172879516
2004-10-01,1.76,15670.88,190.8,1.9784796493750978,3.1909140075716547
2004-11-01,1.93,,191.7,1.0202081286209586,3.621621621621607
2004-12-01,2.16,,191.7,1.0202081286209586,3.3423180592991875
2005-01-01,2.28,15844.727,191.6,2.1408892979322136,2.8448738593666034
2005-02-01,2.5,,192.4,1.1093633541958248,3.0530262453133394
2005-03-01,2.63,,193.1,1.1093633541958248,3.2068412613575736
2005-04-01,2.79,15922.782,193.7,1.607452804182019,3.3617929562433257
2005-05-01,3.0,,193.6,0.4926244548107306,2.869287991498415
2005-06-01,3.04,,193.7,0.4926244548107306,2.541026998411855
2005-07-01,3.26,16047.587,194.9,1.2802997489322454,3.067160232681121
2005-08-01,3.5,,196.1,0.7838140345072908,3.6469344608879517
2005-09-01,3.62,,198.8,0.7838140345072908,4.741833508956805
2005-10-01,3.78,16136.734,199.1,1.343684790760813,4.350104821802936
2005-11-01,4.0,,198.1,0.5555165396517348,3.3385498174230532
2005-12-01,4.16,,198.1,0.5555165396517348,3.3385498174230532
2006-01-01,4.29,16353.835,199.3,1.9083741374949392,4.018789144050117
2006-02-01,4.49,,199.4,1.3453837684874737,3.63825363825363
2006-03-01,4.59,,199.7,1.3453837684874737,3.4179181771103018
2006-04-01,4.79,16396.151,200.7,1.6076177496636035,3.613835828600931
2006-05-01,4.94,,201.3,0.25875276349554,3.9772727272727293
2006-06-01,4.99,,201.8,0.25875276349554,4.1817243159525175
2006-07-01,5.24,16420.738,202.9,0.40909670422870636,4.104669061056954
2006-08-01,5.25,,203.8,0.1499559256315619,3.926568077511483
2006-09-01,5.25,,202.8,0.1499559256315619,2.012072434607637
2006-10-01,5.25,16561.866,201.9,1.010694522147304,1.4063284781516971
2006-11-01,5.25,,202.0,0.8594498006118778,1.9687026754164672
2006-12-01,5.24,,203.1,0.8594498006118778,2.5239777889954462
2007-01-01,5.25,16611.69,203.437,1.1628709988552144,2.075765178123423
2007-02-01,5.26,,204.226,0.30083566670564554,2.420260782347028
2007-03-01,5.26,,205.288,0.30083566670564554,2.798197295943927
2007-04-01,5.25,16713.314,205.904,0.9144380228652826,2.5929247633283525
2007-05-01,5.25,,206.755,0.6117619579946387,2.709885742672613
2007-06-01,5.25,,207.234,0.6117619579946387,2.692765113974227
2007-07-01,5.26,16809.587,207.603,1.1913116606438123,2.3178905864958077
2007-08-01,5.02,,207.667,0.5760257959612325,1.897448478900876
2007-09-01,4.94,,208.547,0.5760257959612325,2.8338264299802685
2007-10-01,4.76,16915.191,209.19,1.2078813334088112,3.610698365527476
2007-11-01,4.49,,210.834,0.6282367318126258,4.373267326732666
2007-12-01,4.24,,211.445,0.6282367318126258,4.108813392417532
2008-01-01,3.94,16843.003,212.174,0.19879132069098304,4.294695655165981
2008-02-01,2.98,,212.687,-0.42676432089947536,4.142959270611968
2008-03-01,2.61,,213.448,-0.42676432089947536,3.9749035501344343
2008-04-01,2.28,16943.291,213.942,0.1661228655355007,3.9037609759888126
2008-05-01,1.98,,215.208,0.5954282618129358,4.088413823123993
2008-06-01,2.0,,217.463,0.5954282618129358,4.935966105947864
2008-07-01,2.01,16854.295,219.016,0.06704267641581829,5.497512078341837
2008-08-01,2.0,,218.69,-0.5252580505168858,5.308017162091239
2008-09-01,1.81,,218.877,-0.5252580505168858,4.953319875136075
2008-10-01,0.97,16485.35,216.995,-2.7027866073952356,3.7310578899565128
2008-11-01,0.39,,213.153,-2.189026595298116,1.0999174706166848
2008-12-01,0.16,,211.398,-2.189026595298116,-0.02222800255385904
2009-01-01,0.15,16298.262,211.933,-3.2990581925853135,-0.11358601902212717
2009-02-01,0.22,,212.705,-1.1348742974823023,0.008463140671510772
2009-03-01,0.18,,212.495,-1.1348742974823023,-0.4464787676623838
2009-04-01,0.15,16269.145,212.709,-1.3114977843964426,-0.5763244243767063
2009-05-01,0.18,,213.022,-0.1786509506351064,-1.015761495855172
2009-06-01,0.21,,214.79,-0.1786509506351064,-1.2291746182109153
2009-07-01,0.16,16326.281,214.726,0.17191403598739718,-1.9587610037622771
2009-08-01,0.16,,215.445,0.3511923951750484,-1.4838355663267633
2009-09-01,0.15,,215.861,0.3511923951750484,-1.377942862886472
2009-10-01,0.12,16502.754,216.509,1.4359021325337062,-0.22396829420033848
2009-11-01,0.12,,217.234,1.0809136508185713,1.9145871744709275
2009-12-01,0.12,,217.347,1.0809136508185713,2.8141231232083674
2010-01-01,0.11,16582.71,217.488,1.5706516383002134,2.6211113889767157
2010-02-01,0.13,,217.281,0.48450095056860043,2.151336357866529
2010-03-01,0.16,,217.353,0.48450095056860043,2.2861714393279886
2010-04-01,0.2,16743.162,217.403,1.4567750328217999,2.2067707525304403
2010-05-01,0.2,,217.29,0.9675861183124024,2.003548929218568
2010-06-01,0.18,,217.199,0.9675861183124024,1.1215605940686268
2010-07-01,0.18,16872.266,217.605,1.7461319651613127,1.3407784804821077
2010-08-01,0.19,,217.923,0.7710849360473171,1.1501775395112546
2010-09-01,0.19,,218.275,0.7710849360473171,1.1183122472331775
2010-10-01,0.19,16960.864,219.035,1.300244242993065,1.1666951489314625
2010-11-01,0.19,,219.59,0.5251102608268665,1.084544776600338
2010-12-01,0.18,,220.472,0.5251102608268665,1.437793022217937
2011-01-01,0.17,16920.632,221.187,0.2866597764639378,1.7007834915029774
2011-02-01,0.16,,221.898,-0.23720489710901127,2.124898173333145
2011-03-01,0.14,,223.046,-0.23720489710901127,2.619241510354109
2011-04-01,0.1,17035.114,224.093,0.43777250970233883,3.0772344447868694
2011-05-01,0.09,,224.806,0.6765822931436682,3.4589718808964998
2011-06-01,0.09,,224.806,0.6765822931436682,3.5023181506360412
2011-07-01,0.07,17031.313,225.395,0.6541185932061877,3.5798809769996165
2011-08-01,0.1,,226.106,-0.022312735917140447,3.75499603070808
2011-09-01,0.08,,226.597,-0.022312735917140447,3.812621692818685
2011-10-01,0.07,17222.583,226.75,1.1004857378706046,3.5222681306640524
2011-11-01,0.08,,227.169,1.1230490567579965,3.451432214581729
2011-12-01,0.07,,227.223,1.1230490567579965,3.062066838419386
2012-01-01,0.08,17367.01,227.842,1.97105766302339,3.0087663379855023
2012-02-01,0.1,,228.329,0.838590819971663,2.8981784423473878
2012-03-01,0.13,,228.807,0.838590819971663,2.5828752813320977
2012-04-01,0.14,17444.525,229.187,1.2886684883446575,2.2731633741348567
2012-05-01,0.16,,228.713,0.4463347461653111,1.7379429374660749
2012-06-01,0.16,,228.524,0.4463347461653111,1.653870448297634
2012-07-01,0.16,17469.65,228.59,0.5910055904845057,1.4175114798464783
2012-08-01,0.13,,229.918,0.14402799732293747,1.6859349154821235
2012-09-01,0.14,,231.015,0.14402799732293747,1.9497168982819613
2012-10-01,0.16,17489.852,231.638,0.259835105856987,2.1556780595369363
2012-11-01,0.16,,231.249,0.11564055376036553,1.7960197033926262
2012-12-01,0.16,,231.221,0.11564055376036553,1.7595049796895523
2013-01-01,0.14,17662.4,231.679,1.103342081839065,1.684061762098299
2013-02-01,0.15,,232.937,0.9865606638638447,2.0181404902574807
2013-03-01,0.14,,232.282,0.9865606638638447,1.5187472411246183
2013-04-01,0.15,17709.671,231.797,1.2568373934782162,1.138808047576867
2013-05-01,0.11,,231.893,0.26763633481292626,1.3903888279197085
2013-06-01,0.09,,232.445,0.26763633481292626,1.7157935271568725
2013-07-01,0.09,17860.45,232.9,1.1213085424404357,1.885471805415806
2013-08-01,0.08,,233.456,0.851393569084391,1.538809488600279
2013-09-01,0.08,,233.544,0.851393569084391,1.0947341081747997
2013-10-01,0.09,18016.147,233.669,1.730557275739364,0.8767991434911471
2013-11-01,0.08,,234.1,0.8717417534272576,1.2328701961954458
2013-12-01,0.09,,234.719,0.8717417534272576,1.5128383667573297
2014-01-01,0.07,17953.974,235.288,0.5236374223493767,1.557758795574915
2014-02-01,0.07,,235.547,-0.34509598528477126,1.1204746347724948
2014-03-01,0.08,,236.028,-0.34509598528477126,1.6126949139408042
2014-04-01,0.09,18185.911,236.468,0.9422880486043894,2.015125303606169
2014-05-01,0.09,,236.918,1.2918421292132942,2.166947687079812
2014-06-01,0.1,,237.231,1.2918421292132942,2.0589816945944195
2014-07-01,0.09,18406.941,237.498,2.5229344767904838,1.9742378703305974
2014-08-01,0.09,,237.46,1.2153914093167906,1.7150983482969062
2014-09-01,0.09,,237.477,1.2153914093167906,1.6840509711232077
2014-10-01,0.09,18500.031,237.43,1.7272711826204379,1.6095417021513292
2014-11-01,0.09,,236.983,0.5057331362120498,1.231524989320798
2014-12-01,0.12,,236.252,0.5057331362120498,0.6531213919623191
2015-01-01,0.11,18666.621,234.747,1.410772164695917,-0.22993097820542818
2015-02-01,0.11,,235.342,0.9004849775657187,-0.08703146293520536
2015-03-01,0.11,,235.976,0.9004849775657187,-0.022031284423873476
2015-04-01,0.12,18782.243,236.222,1.5254677140811301,-0.10403098939391064
2015-05-01,0.12,,237.001,0.6194050867588619,0.03503321824429584
2015-06-01,0.13,,237.657,0.6194050867588619,0.1795718097550525
2015-07-01,0.13,18857.418,238.034,1.022129286280582,0.22568611104094582
2015-08-01,0.14,,238.033,0.4002450612528241,0.2413037985344868
2015-09-01,0.14,,237.498,0.4002450612528241,0.008842961634170088
2015-10-01,0.12,18892.206,237.733,0.5854625563091576,0.12761656067050708
2015-11-01,0.12,,238.017,0.18447912646364362,0.4363182169185187
2015-12-01,0.24,,237.761,0.18447912646364362,0.6387247515364791
2016-01-01,0.34,19001.69,237.652,0.7650676248466048,1.2375025026943876
2016-02-01,0.38,,237.336,0.5795194060450148,0.8472775790126619
2016-03-01,0.36,,238.08,0.5795194060450148,0.8916160965521946
2016-04-01,0.37,19062.709,238.992,0.9025044507772195,1.1726257503534843
2016-05-01,0.37,,239.557,0.3211240684381167,1.0784764621246223
2016-06-01,0.38,,240.222,0.3211240684381167,1.0792865347959424
2016-07-01,0.39,19197.938,240.101,1.0327923463649746,0.8683633430518256
2016-08-01,0.4,,240.545,0.7093902550786346,1.0553158595656864
2016-09-01,0.4,,241.176,0.7093902550786346,1.5486446201652182
2016-10-01,0.4,19304.352,241.741,1.267621511716932,1.685924966243646
2016-11-01,0.41,,242.026,0.5542991127484687,1.6843334719788938
2016-12-01,0.54,,242.637,0.5542991127484687,2.0507989115119862
2017-01-01,0.65,19398.343,243.618,1.0438881509045483,2.5103933482571117
2017-02-01,0.66,,244.006,0.48689021004175714,2.8103616813294208
2017-03-01,0.79,,243.892,0.48689021004175714,2.44119623655914
2017-04-01,0.9,19506.949,244.193,1.0494887370474881,2.176223471915395
2017-05-01,0.91,,244.004,0.5598725623111145,1.8563431667619756
2017-06-01,1.04,,244.163,0.5598725623111145,1.640565809959127
2017-07-01,1.15,19660.766,244.243,1.352811423120004,1.7251073506566073
2017-08-01,1.16,,245.183,0.7885241305547019,1.92812155729698
2017-09-01,1.15,,246.435,0.7885241305547019,2.1805652303711787
2017-10-01,1.15,19882.352,246.626,1.9244577919386385,2.020757753132485
2017-11-01,1.16,,247.284,1.1270466267692791,2.172493864295566
2017-12-01,1.3,,247.805,1.1270466267692791,2.129930719552253
2018-01-01,1.41,20044.077,248.859,1.949623936320699,2.151318868063945
2018-02-01,1.42,,249.529,0.8134098018182323,2.263468931091861
2018-03-01,1.51,,249.577,0.8134098018182323,2.3309497646499366
2018-04-01,1.69,20150.476,250.227,1.348552726558716,2.4709963021052994
2018-05-01,1.7,,250.792,0.5308251410129694,2.781921607842497
2018-06-01,1.82,,251.018,0.5308251410129694,2.8075506935940187
2018-07-01,1.91,20276.154,251.214,1.1578333090618065,2.854124785561929
2018-08-01,1.91,,251.663,0.6236974253114314,2.6429238568742575
2018-09-01,1.95,,252.182,0.6236974253114314,2.332055105808828
2018-10-01,2.19,20304.874,252.772,0.7662250757748845,2.492032470218053
2018-11-01,2.2,,252.594,0.1416442191157108,2.147328577667773
2018-12-01,2.27,,252.767,0.1416442191157108,2.0023809043401064
2019-01-01,2.4,20431.641,252.561,0.7668466120350104,1.4875893578291333
2019-02-01,2.4,,253.319,0.6243180824466066,1.5188615351321877
2019-03-01,2.41,,254.277,0.6243180824466066,1.8831863513063984
2019-04-01,2.42,20602.275,255.233,1.4646778896534984,2.000583470209061
2019-05-01,2.39,,255.296,0.8351458407085399,1.7959105553606136
2019-06-01,2.38,,255.213,0.8351458407085399,1.671194894390049
2019-07-01,2.4,20843.322,255.802,2.014918919141162,1.826331335037068
2019-08-01,2.13,,256.036,1.170001856591063,1.7376412106666406
2019-09-01,2.04,,256.43,1.170001856591063,1.6844977040391562
2019-10-01,1.83,20985.448,257.155,1.8598577098888347,1.7339736996186295
2019-11-01,1.55,,257.879,0.6818778695641736,2.092290394862917
2019-12-01,1.55,,258.63,0.6818778695641736,2.3195274699624457
2020-01-01,1.55,20693.238,259.127,-0.7200579638888649,2.599767976845202
2020-02-01,1.58,,259.25,-1.3924410858419556,2.3413166797595197
2020-03-01,0.65,,258.076,-1.3924410858419556,1.4940399642909163
2020-04-01,0.05,19056.617,256.032,-9.191278642228662,0.3130472940411133
2020-05-01,0.05,,255.802,-7.908965237823118,0.1982013035848551
2020-06-01,0.08,,257.042,-7.908965237823118,0.7166562831830481
2020-07-01,0.09,20548.793,258.352,-0.6980299554859459,0.9968647625897997
2020-08-01,0.1,,259.316,7.830225060408158,1.2810698495523853
2020-09-01,0.09,,259.997,7.830225060408158,1.3910228912373812
2020-10-01,0.09,20771.691,260.319,8.999887020870489,1.2303863428671624
2020-11-01,0.09,,260.911,1.0847255116152033,1.1757452138405844
2020-12-01,0.09,,262.045,1.0847255116152033,1.3204191315779434
2021-01-01,0.09,21058.379,262.639,2.4798828816855467,1.3553199782346148
2021-02-01,0.08,,263.573,1.3801861389137748,1.667502410800381
2021-03-01,0.07,,264.847,1.3801861389137748,2.623645747764214
2021-04-01,0.07,21389.005,266.625,2.971900554461371,4.137373453318349
2021-05-01,0.06,,268.404,1.5700448738243278,4.9264665639830785
2021-06-01,0.08,,270.71,1.5700448738243278,5.317418943207719
2021-07-01,0.1,21571.421,271.965,2.4362843882712815,5.269167647240969
2021-08-01,0.09,,272.752,0.8528493962201456,5.181323173271246
2021-09-01,0.08,,273.942,0.8528493962201456,5.363523425270289
2021-10-01,0.08,21960.388,276.528,2.6713865371484014,6.226591220771449
2021-11-01,0.08,,278.824,1.803158911042524,6.865559520296194
2021-12-01,0.08,,280.806,1.803158911042524,7.159457345112474
2022-01-01,0.08,21903.85,282.542,1.5410621303065808,7.578082463000535
2022-02-01,0.08,,284.525,-0.2574544675622348,7.949220898953979
2022-03-01,0.2,,287.467,-0.2574544675622348,8.540780148538584
2022-04-01,0.33,21919.222,288.582,-0.18745570433453818,8.235161744022502
2022-05-01,0.77,,291.299,0.07017944333989057,8.530051713089225
2022-06-01,1.21,,295.072,0.07017944333989057,8.999298141923106
2022-07-01,1.68,22066.784,294.94,0.743860097654081,8.447778206754553
2022-08-01,2.33,,295.162,0.6732082005465267,8.216255059541266
2022-09-01,2.56,,296.421,0.6732082005465267,8.205751582451759
2022-10-01,3.08,22249.459,297.979,1.5066091305612872,7.757261470809462
2022-11-01,3.78,,298.708,0.8278279245403475,7.131380368978291
2022-12-01,4.1,,298.808,0.8278279245403475,6.410831677385809
2023-01-01,4.33,22403.435,300.456,1.5256006493741925,6.340296309929161
2023-02-01,4.57,,301.476,0.6920437930648227,5.957648712766894
2023-03-01,4.65,,301.643,0.6920437930648227,4.931348641757127
2023-04-01,4.83,22539.418,302.858,1.3032182040920715,4.946947488062325
2023-05-01,5.06,,303.316,0.6069738859241891,4.125314539356473
2023-06-01,5.08,,304.099,0.6069738859241891,3.0592533347792994
2023-07-01,5.12,22780.933,304.615,1.6850005367480492,3.28032820234625
2023-08-01,5.33,,306.138,1.071522787323076,3.7186358677607556
2023-09-01,5.33,,307.374,1.071522787323076,3.6950823322234427
2023-10-01,5.33,22960.6,307.653,1.8686462977881568,3.2465375076767167
2023-11-01,5.33,,308.087,0.788672702737836,3.139855644977696
2023-12-01,5.33,,308.735,0.788672702737836,3.322200208829762
2024-01-01,5.33,23053.545,309.794,1.1966674060276628,3.1079425939238847
2024-02-01,5.33,,311.022,0.40480213931690656,3.16642120765831
2024-03-01,5.33,,312.107,0.40480213931690656,3.4690014354717524
2024-04-01,5.33,23223.906,313.016,1.1467731679485782,3.3540471111874304
2024-05-01,5.33,,313.14,0.7389796233074009,3.238866396761142
2024-06-01,5.33,,313.131,0.7389796233074009,2.9700853998204435
2024-07-01,5.33,23400.294,313.566,1.504102731271928,2.9384633061405374
2024-08-01,5.33,,314.131,0.7595104802784025,2.6109140322338353
2024-09-01,5.13,,314.851,0.7595104802784025,2.432541464144644
2024-10-01,4.83,23542.349,315.564,1.3711862250906481,2.5714034967967203
2024-11-01,4.64,,316.449,0.607065022345421,2.7141684004842848
2024-12-01,4.48,,317.603,0.607065022345421,2.872366268806581
2025-01-01,4.33,23512.717,319.086,0.48043413471641205,2.999412512831112
2025-02-01,4.33,,319.775,-0.12586679434578585,2.8142703731568686
2025-03-01,4.33,,319.615,-0.12586679434578585,2.4055852640280317
2025-04-01,4.33,23703.782,320.321,0.6857132225845497,2.3337465177498906
2025-05-01,4.33,,320.58,0.8126028140431396,2.3759340869898393
2025-06-01,4.33,,321.5,0.8126028140431396,2.6726833178446263
2025-07-01,4.33,,322.132,0.8126028140431396,2.7318012794754543
2025-08-01,4.33,,323.364,0.0,2.9392196249335534
